X0,X1,X2,X3,X4,X5,target
1.0,-5,0.7,0.0,1.0,-0.5,0.40723000000000004
0.75,-7,0.7,40.0,1.0,-0.5,0.5792300000000001
1.0,-8,0.7,70.0,1.0,-1.0,0.4363099999999999
0.6,-6,0.9,70.0,1.5,-2.0,0.7291799999999999
1.0,-7,0.7,40.0,2.5,-1.5,0.46917
0.6,-10,0.7,40.0,3.0,-2.0,0.756
0.75,-10,0.5,10.0,2.5,-1.5,0.62173
0.5,-10,0.5,10.0,1.5,-1.0,0.84447
0.6,-8,0.7,10.0,2.0,-2.0,0.75043
1.0,-6,0.8,70.0,2.0,-0.5,0.47358
0.75,-10,0.8,100.0,3.0,-2.0,0.6583199999999999
0.75,-6,0.7,10.0,1.5,0.0,0.56016
0.5,-10,0.5,10.0,1.5,-1.5,0.83442
1.0,-6,0.9,40.0,3.0,-2.0,0.4774
0.75,-7,0.8,100.0,3.0,-1.0,0.66421
1.0,-7,0.5,10.0,1.0,0.0,0.41346
0.6,-7,0.7,0.0,1.0,-2.0,0.7018800000000001
0.75,-10,0.5,0.0,3.0,-1.0,0.6378899999999998
0.5,-6,0.8,70.0,3.0,-1.5,0.8575900000000001
1.0,-5,0.7,0.0,2.0,-0.5,0.41606
0.5,-6,0.7,10.0,3.0,-0.5,0.8263300000000001
0.5,-7,0.7,0.0,2.0,-2.0,0.8055899999999999
0.75,-7,0.7,0.0,2.0,-0.5,0.5908900000000001
0.5,-5,0.7,40.0,1.0,0.0,0.78257
0.6,-10,0.5,10.0,1.0,-0.5,0.7418000000000001
0.5,-7,0.5,10.0,3.0,0.0,0.83962
0.5,-7,0.5,0.0,2.5,0.0,0.83544
0.6,-10,0.5,0.0,1.5,-2.0,0.7505000000000001
1.0,-6,0.8,0.0,2.5,-2.0,0.42130999999999996
0.75,-5,0.8,40.0,1.5,-0.5,0.6330800000000001
0.6,-9,0.8,100.0,2.5,-1.0,0.77261
0.75,-8,0.5,10.0,2.5,0.0,0.62604
0.5,-9,0.7,70.0,2.0,0.0,0.80921
0.75,-8,0.5,0.0,2.0,-0.5,0.6444500000000001
0.6,-10,0.7,100.0,1.5,-1.0,0.73389
1.0,-7,0.7,40.0,1.5,-1.0,0.41086
0.5,-10,0.7,100.0,3.0,-1.5,0.85904
0.5,-6,0.7,0.0,3.0,-2.0,0.85236
1.0,-9,0.5,0.0,3.0,-0.5,0.4467199999999999
0.5,-9,0.5,0.0,3.0,-0.5,0.8537100000000001
0.75,-10,0.7,40.0,1.0,-1.5,0.58527
0.75,-6,0.8,40.0,2.0,-1.5,0.64259
0.6,-9,0.5,40.0,2.0,0.0,0.78286
0.5,-5,0.9,70.0,3.0,-2.0,0.8446899999999999
1.0,-5,1.0,100.0,2.5,-2.0,0.44963
0.75,-6,0.7,0.0,2.0,0.0,0.6142000000000001
0.6,-5,0.8,0.0,1.5,-1.5,0.7383799999999999
0.5,-7,0.7,40.0,2.0,-2.0,0.85645
0.5,-9,0.7,70.0,1.0,-2.0,0.78826
0.5,-7,0.8,70.0,2.5,-1.5,0.8572900000000001
0.75,-7,0.7,0.0,2.5,-2.0,0.63581
1.0,-6,0.8,70.0,2.5,-0.5,0.48292999999999997
0.75,-9,0.5,10.0,1.5,-1.0,0.63002
0.75,-6,0.7,10.0,2.0,0.0,0.6106600000000001
0.75,-6,0.8,40.0,1.5,-2.0,0.62166
0.75,-6,0.8,40.0,1.5,-1.0,0.61667
0.5,-6,0.7,10.0,2.5,-1.0,0.82833
1.0,-7,0.8,70.0,1.5,-1.5,0.43371000000000004
1.0,-7,0.7,0.0,3.0,-2.0,0.45308000000000004
1.0,-8,0.5,40.0,1.0,-0.5,0.41777999999999993
0.6,-8,0.5,10.0,2.5,0.0,0.7745399999999999
1.0,-5,0.7,40.0,2.5,0.0,0.44901
0.5,-10,0.5,40.0,2.0,-0.5,0.83079
1.0,-10,0.5,0.0,2.0,-1.0,0.46768
0.75,-10,0.5,0.0,2.0,-0.5,0.6681199999999999
0.5,-7,0.7,70.0,3.0,0.0,0.8533099999999999
0.5,-5,0.9,40.0,2.0,-2.0,0.82416
0.75,-6,0.7,10.0,1.0,-1.0,0.57848
0.6,-7,0.7,40.0,1.5,-1.0,0.7448
0.5,-9,0.8,100.0,1.5,-2.0,0.8308399999999999
0.6,-5,0.9,70.0,1.5,-1.0,0.74473
0.75,-6,0.7,40.0,2.0,-0.5,0.6460700000000001
0.6,-7,0.8,40.0,2.5,-2.0,0.7847799999999999
1.0,-9,0.7,10.0,3.0,-2.0,0.4489000000000001
1.0,-6,0.8,10.0,1.5,-2.0,0.44151999999999997
0.75,-6,0.9,100.0,3.0,-1.5,0.6532199999999999
0.75,-9,0.7,70.0,2.0,0.0,0.6204500000000001
1.0,-8,0.5,0.0,3.0,-1.0,0.4616200000000001
0.5,-9,0.7,70.0,2.5,-2.0,0.86609
0.6,-10,0.8,100.0,2.5,-2.0,0.77322
1.0,-6,0.7,0.0,1.0,-0.5,0.41019000000000005
0.6,-6,0.7,10.0,1.0,-1.0,0.70947
0.5,-10,0.5,40.0,1.0,0.0,0.7941800000000001
1.0,-6,0.7,70.0,3.0,0.0,0.47772999999999993
0.6,-8,0.7,0.0,1.0,-2.0,0.66144
1.0,-6,0.9,70.0,3.0,-1.5,0.47648
0.5,-9,0.7,70.0,1.0,-1.5,0.8093299999999999
0.6,-5,0.8,70.0,2.0,-0.5,0.76649
0.5,-9,0.5,10.0,1.5,-1.5,0.8368599999999999
1.0,-8,0.5,10.0,1.0,-1.0,0.41898
1.0,-10,0.5,40.0,1.5,-0.5,0.46566
0.75,-9,0.8,100.0,3.0,-2.0,0.67627
1.0,-6,0.7,10.0,3.0,-1.5,0.49123
1.0,-9,0.5,10.0,2.0,0.0,0.45200000000000007
0.5,-6,0.7,10.0,3.0,-1.0,0.8495900000000001
0.6,-8,0.7,40.0,2.5,-1.5,0.76501
1.0,-7,0.7,40.0,1.5,-1.5,0.42801
0.75,-6,0.8,40.0,3.0,-1.0,0.6573399999999999
1.0,-9,0.7,100.0,1.0,-1.5,0.44733
1.0,-9,0.5,0.0,2.0,-0.5,0.44867
0.5,-5,0.7,0.0,1.0,0.0,0.76861
1.0,-5,0.7,0.0,1.5,-1.0,0.42668999999999996
1.0,-7,0.7,40.0,3.0,-1.0,0.44182
0.75,-7,0.9,100.0,3.0,-2.0,0.64439
1.0,-8,0.5,0.0,2.5,-0.5,0.46125
1.0,-5,0.9,100.0,2.5,-1.0,0.45377999999999996
0.6,-6,0.7,10.0,2.5,-1.5,0.7711699999999999
1.0,-8,0.7,70.0,3.0,-1.5,0.49102000000000007
1.0,-6,0.7,10.0,2.0,-0.5,0.42674
0.6,-10,0.5,0.0,1.0,-1.5,0.74398
0.6,-9,0.7,10.0,1.5,-2.0,0.67818
0.6,-9,0.5,40.0,2.5,0.0,0.7857699999999999
1.0,-10,0.7,40.0,1.5,-2.0,0.42230999999999996
1.0,-9,0.5,10.0,1.0,-0.5,0.42736999999999997
0.5,-10,0.7,100.0,1.0,-1.0,0.80535
1.0,-9,0.7,40.0,2.5,-2.0,0.43207000000000007
1.0,-8,0.5,40.0,1.0,0.0,0.42288
0.5,-9,0.7,100.0,3.0,-0.5,0.8513300000000001
0.5,-5,0.7,40.0,2.0,-0.5,0.84541
1.0,-10,0.5,0.0,1.0,-1.0,0.43072999999999995
0.6,-5,0.8,40.0,1.5,-0.5,0.75584
1.0,-10,0.7,70.0,1.5,-1.0,0.46255000000000007
0.5,-10,0.5,0.0,1.5,-1.0,0.8462799999999999
0.5,-6,0.8,100.0,1.5,-1.0,0.84474
0.5,-5,0.7,0.0,1.0,-1.0,0.80809
0.5,-9,0.7,40.0,2.0,-2.0,0.8194500000000001
0.75,-8,0.7,0.0,2.0,-1.5,0.6353
0.6,-5,0.8,0.0,3.0,-2.0,0.77599
0.75,-7,0.7,40.0,1.5,-1.0,0.61292
1.0,-6,0.8,10.0,1.0,-2.0,0.38508
0.6,-8,0.7,40.0,3.0,0.0,0.7255900000000001
0.5,-6,0.8,70.0,2.5,-0.5,0.8560800000000001
0.75,-9,0.8,70.0,2.0,-2.0,0.64956
0.75,-10,0.7,70.0,3.0,0.0,0.6260699999999999
1.0,-9,0.8,100.0,1.0,-2.0,0.45269000000000004
0.5,-7,0.7,0.0,2.0,-1.5,0.79522
0.75,-10,0.7,70.0,1.0,-0.5,0.6074500000000002
1.0,-5,0.9,40.0,2.5,-1.5,0.45947000000000005
0.6,-9,0.7,0.0,3.0,-1.5,0.70498
1.0,-5,1.0,100.0,3.0,-1.5,0.45636
1.0,-5,0.8,0.0,2.0,-2.0,0.42176
0.6,-10,0.7,70.0,2.5,-1.5,0.7848
0.75,-9,0.5,10.0,2.5,-1.0,0.6159000000000001
0.5,-9,0.5,0.0,3.0,-1.0,0.8562099999999999
1.0,-10,0.5,10.0,2.5,-1.0,0.47169000000000005
0.75,-8,0.8,70.0,3.0,-1.5,0.66975
0.75,-7,0.8,100.0,3.0,0.0,0.6566799999999999
0.6,-6,1.0,100.0,3.0,-2.0,0.77094
0.5,-8,0.5,0.0,2.0,-0.5,0.8510199999999999
0.5,-10,0.7,100.0,3.0,-0.5,0.8464400000000001
0.6,-5,0.8,40.0,1.0,-1.0,0.7323500000000002
0.5,-5,0.7,0.0,2.0,-1.5,0.8323699999999998
0.75,-8,0.7,100.0,2.0,0.0,0.6314
0.75,-10,0.7,70.0,1.5,-1.0,0.6305600000000001
1.0,-5,0.8,70.0,3.0,0.0,0.48685
0.5,-9,0.7,40.0,3.0,-2.0,0.83086
0.5,-6,0.8,100.0,3.0,0.0,0.8481899999999998
1.0,-8,0.7,100.0,1.0,-1.0,0.44136
0.6,-9,0.5,40.0,3.0,0.0,0.7815900000000001
1.0,-9,0.7,100.0,1.5,-1.5,0.46963999999999995
0.6,-6,0.7,0.0,1.5,-1.0,0.72523
0.6,-9,0.7,40.0,3.0,-2.0,0.7653000000000001
0.6,-9,0.7,70.0,2.0,-1.5,0.77538
0.5,-7,0.7,10.0,3.0,-1.0,0.8257700000000001
0.6,-5,0.8,10.0,1.0,-2.0,0.7178000000000001
1.0,-6,0.8,40.0,2.0,-2.0,0.4436400000000001
0.6,-7,0.8,100.0,1.5,-0.5,0.7624000000000001
0.75,-7,0.7,10.0,3.0,-1.0,0.6368199999999999
0.6,-7,0.8,100.0,3.0,0.0,0.77228
1.0,-10,0.5,0.0,1.0,-1.5,0.44033
0.6,-5,1.0,100.0,1.5,-2.0,0.7335
0.75,-10,0.7,70.0,2.5,-1.5,0.6466200000000001
0.5,-6,0.7,0.0,3.0,-1.0,0.8408599999999999
1.0,-10,0.7,40.0,2.5,-2.0,0.43872
0.6,-5,0.8,10.0,1.5,-1.5,0.73941
0.6,-6,0.9,100.0,2.0,-1.5,0.74581
0.5,-7,0.5,10.0,1.0,0.0,0.79522
0.75,-10,0.7,70.0,2.5,0.0,0.6204500000000001
0.5,-8,0.5,0.0,3.0,-1.0,0.85649
1.0,-10,0.7,100.0,3.0,-1.5,0.50757
0.75,-10,0.5,10.0,3.0,-1.5,0.63741
0.75,-6,0.7,40.0,2.0,0.0,0.6372700000000001
0.6,-10,0.5,0.0,2.0,0.0,0.7621
0.75,-10,0.5,10.0,1.5,-1.5,0.64497
0.75,-6,0.7,0.0,2.5,-0.5,0.61609
0.75,-8,0.7,0.0,2.0,-1.0,0.6161
0.6,-9,0.7,40.0,3.0,-1.5,0.7370099999999999
0.5,-6,0.8,100.0,2.5,-0.5,0.8514499999999998
0.75,-9,0.7,0.0,2.5,-1.5,0.6203200000000001
0.75,-10,0.5,10.0,1.0,0.0,0.60209
0.6,-8,0.8,100.0,3.0,-1.5,0.77172
0.6,-7,0.5,0.001,3.0,0.0,0.78379
0.6,-6,0.8,100.0,1.5,-0.5,0.75814
0.6,-7,0.9,100.0,2.5,-1.5,0.78278
0.6,-8,0.7,0.0,2.0,-2.0,0.7504600000000001
1.0,-10,0.7,40.0,3.0,-2.0,0.47214
1.0,-5,0.9,70.0,1.0,-1.5,0.41117
0.5,-5,0.8,70.0,1.5,0.0,0.8202299999999999
1.0,-6,0.7,70.0,2.0,0.0,0.46326999999999996
0.6,-6,0.8,70.0,2.0,-1.0,0.7487300000000001
0.6,-5,0.8,10.0,3.0,-1.5,0.7720999999999999
0.5,-7,0.8,100.0,2.5,-1.0,0.8459099999999999
0.75,-10,0.7,70.0,1.5,-2.0,0.6363500000000001
0.75,-10,0.7,100.0,1.5,-1.0,0.6354500000000002
0.75,-8,0.7,10.0,1.5,-1.5,0.5925100000000001
0.6,-5,0.9,70.0,1.0,-1.0,0.7104600000000001
0.75,-5,0.7,10.0,1.5,-0.5,0.6163000000000001
0.5,-7,0.7,10.0,1.5,-1.5,0.8017099999999999
0.6,-10,0.5,40.0,1.0,0.0,0.74441
0.75,-10,0.7,100.0,3.0,-0.5,0.65896
0.75,-10,0.7,10.0,2.0,-2.0,0.59164
0.75,-9,0.7,70.0,2.5,-0.5,0.6440999999999999
0.75,-5,1.0,100.0,1.5,-1.5,0.6290899999999999
0.6,-7,0.7,10.0,2.0,-1.0,0.73578
0.75,-7,0.8,70.0,2.5,-1.0,0.6610400000000001
0.6,-10,0.5,10.0,3.0,-1.5,0.77182
1.0,-5,0.8,40.0,2.5,-1.0,0.46968
0.6,-10,0.5,0.0,2.0,-0.5,0.7781
1.0,-9,0.5,10.0,2.5,-1.0,0.47775
0.6,-9,0.8,100.0,2.0,-1.5,0.7690600000000001
0.5,-8,0.8,100.0,1.0,-2.0,0.7992400000000001
0.75,-8,0.7,40.0,1.5,0.0,0.5780700000000001
1.0,-8,0.7,100.0,2.0,-1.0,0.47211
1.0,-6,0.8,40.0,1.0,-1.5,0.42646000000000006
0.5,-9,0.7,100.0,1.0,-0.5,0.8091199999999998
0.6,-9,0.7,70.0,1.5,-1.0,0.74168
0.6,-5,0.8,10.0,2.5,-1.5,0.76749
1.0,-7,0.7,10.0,1.5,-1.0,0.40646999999999994
0.6,-8,0.7,10.0,2.0,-1.5,0.7327999999999999
0.75,-6,0.7,0.001,3.0,0.0,0.63702
0.6,-8,0.7,10.0,3.0,-1.0,0.72243
1.0,-10,0.5,40.0,1.0,0.0,0.44991000000000003
0.6,-7,0.7,70.0,1.0,-1.0,0.74837
0.5,-5,0.9,70.0,1.5,-1.5,0.82907
0.5,-9,0.7,40.0,3.0,-0.5,0.81035
0.5,-6,0.7,10.0,1.5,0.0,0.78964
0.5,-10,0.7,70.0,2.5,-1.5,0.8604600000000001
0.6,-8,0.8,70.0,1.0,-2.0,0.7420099999999998
0.6,-6,0.7,0.0,1.5,-0.5,0.66597
0.6,-8,0.7,0.0,3.0,-1.5,0.7337600000000001
0.5,-5,0.7,40.0,3.0,0.0,0.8393600000000001
0.75,-9,0.7,100.0,2.0,0.0,0.62594
1.0,-7,0.7,100.0,1.5,0.0,0.4461399999999999
0.6,-5,0.7,10.0,3.0,-1.0,0.7798800000000001
0.5,-5,0.8,40.0,1.0,-1.0,0.81242
0.5,-6,0.7,70.0,1.0,-0.5,0.82724
0.75,-6,0.7,0.0,2.0,-1.5,0.62884
1.0,-8,0.7,40.0,1.0,-1.0,0.42010000000000003
1.0,-5,1.0,100.0,1.0,-2.0,0.39705999999999997
0.6,-9,0.7,10.0,3.0,-2.0,0.7425600000000001
0.6,-10,0.8,100.0,2.5,-1.5,0.76563
1.0,-5,0.7,10.0,1.5,-0.5,0.44013
0.75,-10,0.7,70.0,2.5,-2.0,0.6484300000000001
0.6,-7,0.7,10.0,1.0,-1.5,0.7094099999999999
0.6,-7,0.5,10.0,1.0,0.0,0.7359100000000002
0.6,-10,0.5,0.0,2.5,-0.5,0.77171
0.5,-7,0.7,40.0,3.0,-2.0,0.8590199999999999
0.5,-9,0.7,40.0,1.0,-1.5,0.77857
1.0,-5,0.8,10.0,1.0,-1.5,0.38881999999999994
1.0,-7,0.8,100.0,3.0,-0.5,0.50183
0.75,-7,0.9,100.0,2.5,-2.0,0.64497
0.5,-6,0.8,40.0,3.0,-2.0,0.8453899999999999
1.0,-5,0.7,10.0,2.0,-0.5,0.46177
0.6,-8,0.7,0.0,1.0,-1.5,0.67282
0.75,-6,0.7,0.0,3.0,-0.5,0.63722
1.0,-6,0.8,40.0,2.0,-1.5,0.44822000000000006
0.6,-5,0.9,100.0,2.5,0.0,0.7731
1.0,-7,0.8,40.0,3.0,-2.0,0.49711
0.5,-8,0.8,100.0,1.5,-2.0,0.8325699999999998
1.0,-8,0.7,0.0,1.0,-2.0,0.37834
0.6,-8,0.7,70.0,1.5,-0.5,0.72522
0.75,-7,0.5,10.0,2.0,0.0,0.62933
0.5,-10,0.7,70.0,2.0,-1.0,0.83496
0.5,-8,0.7,100.0,2.5,-0.5,0.8537100000000001
0.5,-9,0.5,0.0,2.0,-0.5,0.85396
0.75,-5,0.8,10.0,1.5,-1.0,0.62283
0.5,-6,0.9,70.0,2.0,-2.0,0.8415000000000001
0.6,-7,0.9,100.0,1.0,-2.0,0.7205
0.6,-10,0.5,10.0,1.5,-1.0,0.7535900000000001
0.75,-9,0.5,10.0,2.0,0.0,0.6588499999999999
0.75,-5,0.9,40.0,1.0,-1.5,0.59592
0.6,-5,0.8,0.0,2.5,-2.0,0.76793
0.5,-7,0.7,10.0,2.0,-1.0,0.80108
0.6,-7,0.8,70.0,1.0,-2.0,0.7420099999999998
0.75,-7,0.9,100.0,2.0,-2.0,0.62987
0.5,-5,0.8,40.0,1.5,-2.0,0.81983
0.5,-8,0.8,100.0,2.5,-2.0,0.8644200000000002
0.5,-10,0.5,0.0,2.0,-1.5,0.84887
0.75,-9,0.5,10.0,1.0,-0.5,0.60169
0.75,-9,0.7,0.0,2.0,-2.0,0.5902300000000001
1.0,-5,1.0,70.0,3.0,-2.0,0.46413000000000004
0.75,-5,0.8,0.0,2.0,-1.5,0.6261599999999999
0.75,-10,0.7,10.0,3.0,-2.0,0.6277800000000001
0.75,-8,0.7,10.0,2.5,-2.0,0.6335
0.75,-7,0.7,10.0,2.0,-2.0,0.6450699999999999
0.5,-5,0.7,0.0,1.5,-1.5,0.8190500000000001
0.5,-8,0.5,10.0,1.5,0.0,0.84169
0.5,-7,0.7,70.0,2.0,-0.5,0.8330299999999999
1.0,-10,0.5,100.0,1.0,-0.5,0.44090999999999997
0.6,-7,0.7,70.0,1.0,0.0,0.71912
0.6,-8,0.7,0.0,2.0,-1.5,0.7255
0.75,-9,0.7,40.0,1.5,-1.0,0.5482600000000001
0.6,-6,0.7,40.0,2.0,-0.5,0.7492400000000001
0.5,-5,0.7,10.0,1.0,-0.5,0.8008600000000001
1.0,-10,0.7,70.0,2.5,-1.0,0.47494999999999993
0.75,-7,0.7,40.0,3.0,-0.5,0.6303500000000002
1.0,-7,0.7,10.0,1.5,-2.0,0.4290299999999999
0.75,-9,0.7,100.0,1.5,-1.0,0.6469699999999999
0.5,-10,0.5,0.0,2.0,-2.0,0.7978000000000001
0.6,-7,0.7,40.0,1.0,-0.5,0.7095100000000001
0.6,-9,0.8,100.0,3.0,-2.0,0.77369
0.6,-7,0.8,70.0,3.0,-1.5,0.77665
1.0,-5,0.8,0.0,2.0,-1.5,0.43781
0.5,-8,0.7,40.0,2.5,-1.0,0.82645
0.5,-6,0.7,0.0,2.0,-2.0,0.8286299999999999
0.6,-9,0.7,10.0,2.0,-1.5,0.71296
0.6,-7,0.7,40.0,2.0,-1.0,0.75254
0.5,-10,0.8,100.0,3.0,-2.0,0.8639899999999999
0.5,-7,0.5,0.0,2.0,0.0,0.8399300000000001
1.0,-8,0.7,100.0,2.0,-0.5,0.47698
1.0,-7,0.7,40.0,2.0,-0.5,0.44926000000000005
0.5,-7,0.7,40.0,2.5,-2.0,0.85545
1.0,-6,0.7,40.0,1.0,-0.5,0.41821
1.0,-8,0.5,40.0,3.0,0.0,0.47865
1.0,-7,0.7,100.0,1.0,-0.5,0.43125999999999987
0.6,-10,0.7,40.0,2.0,-1.5,0.72422
0.6,-9,0.7,100.0,1.5,0.0,0.7546000000000002
0.75,-6,0.8,100.0,2.0,0.0,0.65846
0.75,-9,0.5,10.0,2.5,-0.5,0.6650800000000002
0.75,-8,0.7,100.0,3.0,0.0,0.63796
0.75,-8,0.7,40.0,2.5,-1.0,0.6361299999999999
0.5,-8,0.8,100.0,3.0,-1.5,0.8561700000000002
1.0,-8,0.7,40.0,2.5,-1.5,0.4270900000000001
0.75,-10,0.7,100.0,2.5,-0.5,0.6358900000000001
0.5,-10,0.5,0.0,1.5,-2.0,0.78434
0.6,-10,0.5,10.0,3.0,0.0,0.78603
1.0,-9,0.7,100.0,2.5,-1.0,0.47274000000000005
0.6,-9,0.7,100.0,2.0,-0.5,0.7679
0.6,-7,0.7,40.0,1.5,-1.5,0.74125
0.6,-9,0.7,70.0,2.5,0.0,0.76178
0.5,-6,0.7,70.0,2.0,0.0,0.84056
0.5,-10,0.7,70.0,3.0,-0.5,0.8236900000000003
1.0,-5,0.7,0.0,1.0,0.0,0.4079
0.75,-7,0.7,10.0,2.5,-1.0,0.62229
0.75,-10,0.7,100.0,2.5,0.0,0.6243000000000001
0.5,-10,0.7,100.0,2.0,-0.5,0.8459300000000001
0.5,-8,0.7,70.0,1.0,-0.5,0.8341899999999999
0.5,-10,0.7,70.0,2.0,-0.5,0.8142900000000001
0.75,-5,0.8,0.0,1.0,-2.0,0.59586
1.0,-5,0.9,10.0,2.0,-2.0,0.44527
0.6,-8,0.7,70.0,2.5,-1.0,0.7908200000000001
0.75,-6,0.7,40.0,3.0,-0.5,0.6625700000000001
0.6,-9,0.5,0.0,2.0,-0.5,0.78447
1.0,-5,0.9,100.0,3.0,-1.0,0.46169000000000004
0.5,-7,0.7,10.0,2.0,-2.0,0.83613
0.5,-6,0.8,40.0,1.5,-2.0,0.8258199999999999
1.0,-9,0.7,100.0,1.0,-1.0,0.45278
0.6,-10,0.5,40.0,1.5,-0.5,0.7349300000000001
0.5,-7,0.9,100.0,1.0,-2.0,0.80612
0.6,-7,0.8,70.0,1.5,-1.0,0.74672
0.5,-5,0.7,10.0,1.5,-0.5,0.7915
1.0,-8,0.5,10.0,1.0,-0.5,0.4181
1.0,-9,0.5,40.0,1.5,-0.5,0.46316999999999997
0.6,-10,0.5,10.0,1.0,-1.0,0.7473099999999999
0.6,-8,0.5,10.0,2.0,0.0,0.7696999999999999
0.75,-10,0.7,0.0,3.0,-2.0,0.63158
0.5,-5,0.8,100.0,1.0,-0.5,0.8144499999999999
1.0,-5,0.8,10.0,3.0,-1.0,0.4827
1.0,-5,0.7,10.0,1.5,0.0,0.43953999999999993
1.0,-10,0.5,70.0,3.0,0.0,0.49532
0.5,-9,0.5,40.0,1.0,-0.5,0.8176499999999999
1.0,-9,0.5,10.0,2.0,-0.5,0.46731
0.5,-9,0.7,100.0,2.0,-1.0,0.8584200000000001
1.0,-9,0.7,70.0,3.0,0.0,0.4876199999999999
0.6,-6,0.8,100.0,2.0,-0.5,0.75177
0.6,-6,0.9,70.0,2.0,-2.0,0.7551599999999999
0.5,-6,0.9,100.0,3.0,-1.5,0.8444799999999999
0.5,-7,0.7,0.0,1.5,-1.0,0.7953
0.6,-7,0.7,40.0,1.0,-1.0,0.73892
0.75,-6,0.7,0.0,3.0,-1.0,0.6402400000000001
0.6,-6,0.8,70.0,1.0,-0.5,0.7419
1.0,-6,0.9,70.0,1.0,-2.0,0.40393
0.6,-8,0.5,0.0,3.0,-0.5,0.7903399999999999
0.75,-7,0.8,100.0,1.5,-1.0,0.63363
0.75,-7,0.7,10.0,2.0,-0.5,0.6038899999999999
0.5,-8,0.7,40.0,1.0,-1.5,0.78565
0.5,-8,0.7,40.0,2.5,0.0,0.8139100000000001
0.5,-5,0.8,0.0,2.0,-2.0,0.8307699999999999
1.0,-7,0.5,0.0,2.0,0.0,0.44742000000000004
0.6,-5,0.9,100.0,2.0,-1.0,0.7601600000000001
1.0,-5,0.7,0.0,1.0,-1.0,0.40180999999999994
0.5,-7,0.7,10.0,1.0,-1.0,0.7818
1.0,-5,0.8,0.0,1.0,-2.0,0.3863
0.5,-7,0.5,0.0,1.0,-0.5,0.807
0.6,-7,0.8,40.0,1.5,-2.0,0.74135
0.5,-10,0.5,40.0,2.0,0.0,0.8323600000000001
0.6,-9,0.5,40.0,1.0,-0.5,0.7398500000000001
1.0,-10,0.7,100.0,3.0,-2.0,0.50757
0.5,-9,0.5,40.0,2.5,0.0,0.8550099999999998
0.5,-5,0.7,0.0,2.0,0.0,0.80716
0.75,-6,0.9,70.0,1.0,-1.5,0.6018100000000002
0.6,-10,0.7,40.0,2.0,-2.0,0.75746
0.6,-7,0.7,0.0,2.5,-2.0,0.76746
0.6,-7,0.7,0.0,2.5,-1.0,0.7264600000000001
0.75,-9,0.7,100.0,2.5,-1.0,0.6539499999999999
0.75,-10,0.7,70.0,2.0,-1.0,0.6504900000000001
0.6,-8,0.8,70.0,2.0,-1.5,0.76244
0.5,-10,0.7,40.0,2.5,-2.0,0.8155199999999999
0.5,-8,0.7,10.0,1.5,-2.0,0.7940999999999999
0.6,-9,0.7,40.0,2.0,-0.5,0.70321
0.75,-7,0.7,0.0,2.0,-1.5,0.64208
0.75,-10,0.5,0.0,1.0,-1.5,0.62154
1.0,-10,0.7,70.0,1.5,-2.0,0.4683
0.6,-8,0.7,40.0,2.5,-1.0,0.74995
1.0,-5,0.9,70.0,1.5,-1.5,0.4385800000000001
1.0,-9,0.7,100.0,1.5,0.0,0.47259
1.0,-7,0.8,100.0,2.5,-0.5,0.48993000000000003
0.6,-10,0.7,40.0,2.5,-1.5,0.7279199999999999
0.5,-8,0.5,10.0,1.0,-0.5,0.81599
1.0,-10,0.5,40.0,2.0,-1.5,0.48663000000000006
1.0,-8,0.7,100.0,1.5,0.0,0.46925
0.5,-10,0.5,10.0,2.0,-0.5,0.84899
1.0,-6,0.7,0.0,1.5,-1.5,0.43438
0.6,-10,0.5,40.0,1.5,0.0,0.73959
0.5,-10,0.8,100.0,2.0,-2.0,0.8581100000000002
0.6,-7,0.7,10.0,1.0,-1.0,0.6975100000000001
0.6,-10,0.5,0.0,3.0,-1.0,0.78787
0.5,-10,0.7,40.0,2.0,-1.0,0.79306
0.75,-9,0.7,10.0,1.0,-2.0,0.5456399999999999
0.5,-9,0.5,10.0,2.0,-1.0,0.851
0.5,-6,0.7,40.0,2.5,0.0,0.83056
1.0,-5,0.7,0.0,1.5,-0.5,0.42158999999999996
0.5,-7,0.7,40.0,2.0,-0.5,0.8208400000000001
0.6,-10,0.7,40.0,1.5,-1.0,0.70324
1.0,-9,0.5,70.0,1.0,0.0,0.38738999999999996
1.0,-7,0.7,70.0,1.0,-0.5,0.43249999999999983
0.5,-10,0.5,0.0,1.0,-2.0,0.81145
0.75,-9,0.7,40.0,2.0,-2.0,0.6052500000000001
0.6,-6,0.7,70.0,2.5,0.0,0.7910400000000001
1.0,-6,0.5,0.0,1.0,0.0,0.41979999999999995
0.75,-10,0.5,0.0,2.0,-1.5,0.6280699999999999
1.0,-6,1.0,100.0,2.0,-2.0,0.44038999999999995
0.75,-5,0.7,10.0,2.5,-0.5,0.64283
0.5,-8,0.5,0.0,2.5,-1.0,0.8598199999999998
0.5,-8,0.7,100.0,1.5,0.0,0.8437899999999999
0.75,-6,0.8,0.0,2.5,-2.0,0.63426
0.6,-10,0.7,100.0,2.5,0.0,0.77014
0.5,-10,0.5,0.0,2.5,-1.0,0.8655700000000002
1.0,-8,0.7,40.0,2.0,-1.5,0.43014
0.6,-8,0.7,40.0,2.0,-0.5,0.71066
0.6,-6,0.7,10.0,1.0,0.0,0.6844300000000001
1.0,-8,0.5,10.0,3.0,-0.5,0.46219
0.5,-6,0.9,100.0,2.0,-2.0,0.8519599999999998
1.0,-9,0.7,100.0,1.5,-0.5,0.47442
0.5,-9,0.7,70.0,2.0,-1.5,0.8501400000000002
0.75,-9,0.7,100.0,3.0,0.0,0.6228499999999999
0.5,-9,0.7,70.0,3.0,-0.5,0.8353300000000001
0.6,-8,0.7,40.0,2.5,-0.5,0.7242
0.75,-5,0.8,40.0,2.5,-0.5,0.65414
0.5,-5,0.7,40.0,3.0,-0.5,0.8529499999999999
1.0,-7,0.7,0.0,3.0,-1.0,0.45249000000000006
1.0,-7,0.8,70.0,2.5,-2.0,0.47868000000000005
0.75,-6,0.8,100.0,1.5,0.0,0.6290500000000001
0.6,-7,0.9,100.0,3.0,-1.5,0.78079
0.6,-10,0.7,70.0,2.0,0.0,0.7287000000000001
0.5,-8,0.7,70.0,3.0,-1.0,0.85504
0.5,-9,0.7,40.0,3.0,-1.0,0.81777
0.6,-9,0.7,70.0,1.5,-1.5,0.74014
0.75,-6,1.0,100.0,3.0,-2.0,0.6093
0.75,-10,0.7,10.0,2.5,-2.0,0.6103099999999999
1.0,-7,0.7,40.0,2.0,-1.5,0.47111000000000003
0.5,-9,0.7,100.0,2.5,-1.0,0.8598000000000001
0.5,-10,0.5,0.0,3.0,-1.5,0.8575600000000001
0.6,-7,0.7,70.0,1.5,-0.5,0.7364200000000001
0.5,-8,0.7,40.0,3.0,-0.5,0.8247899999999999
0.5,-6,0.8,100.0,1.0,-1.0,0.83056
0.75,-6,0.9,100.0,2.5,-0.5,0.6397900000000002
0.5,-9,0.7,40.0,2.5,-2.0,0.81888
1.0,-8,0.7,100.0,1.0,0.0,0.43632
0.5,-6,0.7,10.0,1.5,-0.5,0.7787700000000001
1.0,-6,0.7,0.0,3.0,-1.0,0.46712
0.75,-8,0.8,100.0,1.0,-1.0,0.60153
0.6,-8,0.7,40.0,1.0,0.0,0.6750100000000001
0.75,-8,0.7,100.0,2.5,0.0,0.62597
1.0,-6,0.9,100.0,3.0,-1.5,0.46606999999999993
0.5,-6,0.7,0.0,3.0,-0.5,0.81755
0.75,-9,0.5,0.0,2.5,-1.0,0.6383
0.6,-8,0.7,100.0,3.0,0.0,0.7728700000000001
1.0,-9,0.5,0.0,1.5,-1.0,0.45070999999999994
1.0,-9,0.7,0.0,2.5,-2.0,0.39126999999999995
0.5,-7,0.8,70.0,1.0,-2.0,0.80138
0.75,-8,0.7,10.0,3.0,-1.5,0.63448
0.75,-5,0.8,10.0,3.0,-1.0,0.67288
0.75,-5,0.7,0.0,1.5,0.0,0.56909
0.75,-6,0.8,40.0,2.5,-1.5,0.6499900000000001
1.0,-9,0.7,70.0,2.5,0.0,0.4871899999999999
0.75,-9,0.8,70.0,2.5,-2.0,0.66266
0.6,-8,0.7,40.0,1.5,0.0,0.6932499999999999
1.0,-6,0.7,40.0,3.0,-0.5,0.46745000000000003
0.6,-10,0.7,70.0,3.0,-1.0,0.7891600000000001
1.0,-5,0.9,100.0,3.0,-0.5,0.47549
0.5,-6,0.7,40.0,2.5,-0.5,0.84196
0.5,-9,0.5,40.0,1.5,0.0,0.8120200000000001
1.0,-7,0.7,70.0,1.5,0.0,0.45953
0.5,-10,0.7,70.0,1.0,-2.0,0.7948199999999999
0.6,-7,0.7,100.0,1.0,0.0,0.72529
0.5,-6,0.7,0.0,1.5,-2.0,0.8215999999999999
0.75,-10,0.5,0.0,2.5,-2.0,0.6438699999999999
0.75,-8,0.7,0.0,2.5,-1.0,0.60305
0.75,-5,1.0,100.0,2.5,-2.0,0.61838
1.0,-10,0.7,100.0,3.0,0.0,0.51215
0.5,-5,0.8,40.0,1.5,-1.5,0.8261099999999999
0.75,-7,0.7,10.0,3.0,-0.5,0.5979300000000001
1.0,-6,0.9,100.0,1.5,-1.0,0.44116999999999995
1.0,-9,0.5,70.0,1.5,0.0,0.46334
0.6,-6,0.8,100.0,3.0,0.0,0.76963
1.0,-9,0.7,0.0,3.0,-2.0,0.43952
0.6,-6,0.8,100.0,3.0,-0.5,0.77701
0.6,-7,0.9,100.0,1.5,-1.5,0.7439399999999999
1.0,-8,0.8,100.0,3.0,-2.0,0.48725000000000007
1.0,-8,0.5,0.0,1.0,-0.5,0.40528
0.75,-6,1.0,100.0,1.0,-2.0,0.5824
1.0,-9,0.5,10.0,1.5,0.0,0.45103
1.0,-10,0.5,100.0,2.0,0.0,0.46441
1.0,-10,0.3,0.0,1.0,0.0,0.42489
0.5,-5,0.7,0.0,1.5,0.0,0.7964
0.75,-10,0.5,40.0,2.5,0.0,0.6612500000000001
0.75,-9,0.5,40.0,2.5,0.0,0.6540700000000002
0.6,-8,0.7,100.0,1.5,-0.5,0.75536
1.0,-10,0.5,10.0,2.0,-1.5,0.49031
0.6,-7,0.7,0.0,2.5,-0.5,0.7020799999999999
0.6,-9,0.5,40.0,1.0,0.0,0.74664
0.75,-9,0.5,10.0,1.0,0.0,0.60894
1.0,-6,0.7,0.0,1.5,-0.5,0.40583
0.75,-5,0.8,0.0,1.0,-1.5,0.60998
0.75,-6,0.9,100.0,2.0,-1.5,0.6361999999999999
0.5,-10,0.5,0.0,3.0,-0.5,0.85714
0.6,-8,0.9,100.0,3.0,-2.0,0.77913
0.6,-10,0.7,70.0,2.0,-1.5,0.7866100000000001
0.75,-5,0.8,70.0,2.0,0.0,0.6518400000000002
0.6,-7,0.7,10.0,1.0,-0.5,0.6721000000000001
0.5,-9,0.7,70.0,1.5,-2.0,0.8424800000000001
0.6,-5,0.9,70.0,2.0,-1.0,0.7658
0.75,-9,0.7,40.0,1.0,-1.5,0.58797
0.75,-9,0.7,0.0,3.0,-2.0,0.63299
0.5,-10,0.8,100.0,2.5,-2.0,0.8627800000000001
1.0,-10,0.7,100.0,1.5,-1.0,0.47681000000000007
0.5,-7,0.7,0.0,2.5,-2.0,0.8118299999999999
0.5,-7,0.7,70.0,3.0,-1.0,0.85842
0.5,-7,0.7,10.0,3.0,-1.5,0.8280800000000001
0.75,-7,0.7,0.0,1.0,-1.5,0.5474499999999999
0.75,-6,0.8,100.0,1.5,-0.5,0.63314
0.5,-6,0.7,40.0,1.0,-1.0,0.81368
0.6,-9,0.5,10.0,1.5,-1.0,0.7439300000000001
0.6,-9,0.5,0.0,2.5,-1.0,0.7600600000000001
1.0,-10,0.5,70.0,1.5,0.0,0.47330000000000005
0.75,-6,0.8,100.0,1.0,-0.5,0.5992099999999999
1.0,-7,0.7,10.0,3.0,-2.0,0.47328000000000003
0.75,-7,0.9,70.0,2.0,-2.0,0.6230100000000001
0.5,-5,0.7,10.0,1.0,-1.5,0.8042900000000002
0.6,-6,0.7,0.0,2.0,0.0,0.7271500000000001
0.5,-5,0.8,70.0,2.0,-1.0,0.84658
1.0,-6,0.8,40.0,1.5,-1.5,0.44439
0.5,-7,0.8,100.0,3.0,0.0,0.84681
0.6,-5,0.8,70.0,1.0,0.0,0.7475600000000001
0.5,-8,0.7,70.0,2.5,-1.5,0.86235
1.0,-6,0.9,100.0,2.5,-1.5,0.45622999999999997
1.0,-6,0.8,10.0,3.0,0.0,0.43673
0.5,-5,0.9,100.0,1.0,-1.5,0.8011100000000001
0.5,-8,0.7,40.0,2.0,0.0,0.81204
0.6,-9,0.8,100.0,2.5,-2.0,0.7788
0.75,-7,0.7,0.0,3.0,-0.5,0.59268
0.5,-8,0.5,10.0,3.0,0.0,0.8510899999999999
0.75,-8,0.7,40.0,1.5,-0.5,0.5959
0.5,-5,0.8,40.0,1.5,-1.0,0.82861
0.75,-7,0.5,0.0,2.0,0.0,0.6391399999999999
0.75,-10,0.5,10.0,2.5,-0.5,0.6754300000000001
0.6,-9,0.7,40.0,2.5,-1.0,0.71424
0.75,-6,0.8,10.0,2.5,-2.0,0.64064
0.75,-9,0.7,100.0,3.0,-0.5,0.64723
0.6,-9,0.5,0.0,1.5,-1.0,0.7446000000000002
0.5,-9,0.5,10.0,3.0,-0.5,0.8551800000000002
0.75,-6,0.7,40.0,1.0,-1.0,0.5738000000000001
0.75,-9,0.8,70.0,3.0,-2.0,0.6833600000000001
1.0,-10,0.7,100.0,3.0,-0.5,0.50695
0.5,-9,0.7,100.0,1.0,-1.0,0.8104199999999999
1.0,-10,0.5,0.0,2.5,0.0,0.45545
0.5,-6,0.7,70.0,1.5,-0.5,0.82359
1.0,-8,0.8,100.0,2.0,-2.0,0.47667000000000004
1.0,-7,0.7,10.0,1.0,-2.0,0.37467000000000006
1.0,-7,0.7,0.0,2.0,-1.5,0.4096
1.0,-9,0.7,40.0,1.0,-1.5,0.43296999999999997
0.6,-7,0.7,10.0,3.0,-1.5,0.76758
0.5,-6,0.8,40.0,2.5,-1.5,0.8499799999999998
0.75,-6,0.8,70.0,3.0,-0.5,0.6548400000000001
0.75,-8,0.7,10.0,1.0,-1.5,0.57669
0.75,-10,0.7,70.0,1.0,-1.0,0.6145100000000001
1.0,-9,0.8,100.0,2.5,-2.0,0.48313000000000006
0.75,-7,0.7,70.0,1.5,-0.5,0.63503
0.5,-9,0.7,40.0,1.5,-2.0,0.8242
0.75,-8,0.8,70.0,1.5,-2.0,0.6312599999999999
0.5,-8,0.7,40.0,2.0,-0.5,0.8116099999999999
1.0,-5,0.8,70.0,1.0,0.0,0.43487
1.0,-8,0.7,10.0,2.0,-2.0,0.41335999999999995
0.6,-5,0.8,10.0,2.0,-1.5,0.74555
1.0,-7,0.8,70.0,1.5,-2.0,0.45967
1.0,-8,0.5,0.0,2.0,0.0,0.4521800000000001
0.75,-5,0.7,0.0,3.0,-0.5,0.6406600000000001
0.6,-6,0.7,70.0,3.0,0.0,0.77103
0.6,-9,0.5,10.0,1.0,-1.0,0.7396100000000001
0.6,-5,0.8,40.0,2.0,-1.0,0.75311
1.0,-9,0.8,100.0,2.5,-0.5,0.49521000000000004
0.5,-6,0.7,0.0,2.5,-1.0,0.8248300000000001
0.75,-5,0.8,70.0,1.0,-0.5,0.5951599999999999
0.6,-6,0.9,100.0,1.0,-1.5,0.71274
0.6,-5,0.8,70.0,3.0,-0.5,0.78309
1.0,-7,0.7,10.0,1.5,-1.5,0.42823
0.5,-5,0.7,0.0,2.5,-1.0,0.8434699999999999
0.75,-10,0.5,0.0,1.5,-1.0,0.65288
0.75,-9,0.7,40.0,2.5,-2.0,0.6394500000000001
1.0,-10,0.7,70.0,3.0,-2.0,0.49624000000000007
1.0,-10,0.7,70.0,2.5,-0.5,0.48580999999999996
0.6,-7,0.7,0.0,1.5,-1.0,0.7095300000000001
0.75,-5,0.7,0.0,2.5,-0.5,0.6170199999999999
1.0,-6,0.8,100.0,1.0,0.0,0.43161999999999995
0.6,-7,0.9,100.0,1.0,-1.5,0.7262500000000001
0.6,-8,0.7,40.0,1.5,-1.5,0.7348100000000001
0.6,-10,0.5,40.0,1.0,-0.5,0.7403500000000001
0.75,-5,0.7,0.0,1.0,-1.0,0.5994900000000001
0.6,-5,0.7,0.0,2.0,-1.0,0.75804
1.0,-9,0.7,40.0,1.5,-2.0,0.41903999999999997
0.5,-6,0.7,40.0,1.5,-0.5,0.80916
0.75,-9,0.5,10.0,3.0,-1.0,0.61659
0.5,-7,0.7,10.0,1.0,-1.5,0.7795700000000001
1.0,-9,0.8,70.0,3.0,-1.0,0.47952000000000006
1.0,-10,0.5,10.0,2.0,-1.0,0.48559
1.0,-9,0.8,100.0,2.0,-2.0,0.46930999999999995
0.5,-9,0.5,40.0,2.0,0.0,0.8369099999999999
0.5,-10,0.5,10.0,1.5,-2.0,0.8024099999999998
0.5,-8,0.5,0.0,2.0,0.0,0.85659
0.6,-10,0.5,40.0,2.5,0.0,0.7820599999999999
0.75,-6,0.9,100.0,1.5,-1.0,0.6369600000000001
1.0,-10,0.7,70.0,1.5,-1.5,0.46224
0.5,-5,1.0,100.0,2.5,-2.0,0.8421299999999998
0.6,-5,1.0,70.0,3.0,-2.0,0.75263
0.75,-10,0.5,0.0,2.0,-2.0,0.6382199999999999
0.6,-7,0.5,0.0,2.5,0.0,0.7773299999999999
0.6,-7,0.7,10.0,1.5,-0.5,0.6855
0.6,-9,0.7,0.0,3.0,-2.0,0.73218
0.5,-10,0.7,100.0,1.0,0.0,0.7890699999999999
0.75,-8,0.7,40.0,1.0,-0.5,0.59024
0.5,-8,0.8,100.0,3.0,-1.0,0.8517699999999999
0.6,-6,0.8,100.0,1.0,-0.5,0.74111
1.0,-6,0.7,40.0,1.5,-1.0,0.43698
0.5,-10,0.5,40.0,1.5,-1.0,0.8096399999999999
0.6,-10,0.7,100.0,1.0,0.0,0.7152200000000002
0.75,-5,0.7,10.0,1.0,-0.5,0.5833
1.0,-9,0.7,100.0,2.0,0.0,0.47257999999999994
0.5,-8,0.7,40.0,1.0,-2.0,0.7854599999999998
0.5,-5,1.0,100.0,1.0,-2.0,0.8060799999999999
0.75,-10,0.5,10.0,1.0,-1.0,0.60845
0.6,-6,0.7,10.0,1.5,-0.5,0.69045
0.5,-10,0.7,70.0,1.5,0.0,0.79979
0.75,-5,0.9,70.0,1.5,-1.5,0.6314200000000001
0.6,-7,0.7,40.0,2.0,0.0,0.74689
1.0,-7,0.8,70.0,2.5,-1.5,0.48164999999999997
1.0,-6,0.8,100.0,2.5,-0.5,0.4943000000000001
1.0,-5,0.8,70.0,1.5,0.0,0.46476000000000006
0.5,-10,0.7,40.0,2.5,-1.5,0.8130700000000001
1.0,-6,0.7,10.0,1.5,-0.5,0.43062999999999996
1.0,-7,0.7,100.0,3.0,0.0,0.50261
0.75,-10,0.5,0.0,3.0,-0.5,0.6512100000000001
1.0,-8,0.7,70.0,2.5,0.0,0.47775
0.75,-7,0.9,100.0,1.0,-2.0,0.58741
0.6,-5,0.7,10.0,1.5,-0.5,0.7333500000000001
1.0,-10,0.5,0.0,2.5,-2.0,0.49097999999999997
0.6,-5,0.9,100.0,3.0,0.0,0.7763100000000001
1.0,-6,0.9,70.0,2.5,-1.5,0.45393
1.0,-8,0.7,40.0,2.0,-0.5,0.42372999999999994
1.0,-7,0.8,40.0,3.0,0.0,0.44780999999999993
1.0,-9,0.5,40.0,2.0,0.0,0.45682
1.0,-7,0.7,10.0,2.0,-2.0,0.45419
0.5,-7,0.7,70.0,2.0,0.0,0.835
0.75,-5,0.8,40.0,1.0,-0.5,0.60347
0.6,-5,0.9,100.0,1.0,-1.0,0.71584
1.0,-8,0.7,70.0,2.0,-1.0,0.47002000000000005
0.6,-5,0.9,40.0,1.5,-2.0,0.7397000000000001
1.0,-9,0.7,100.0,2.0,-1.5,0.47861000000000004
0.6,-8,0.7,70.0,3.0,0.0,0.7713800000000001
0.6,-6,0.7,0.001,3.0,0.0,0.7297699999999999
0.6,-7,0.8,70.0,3.0,-1.0,0.7700099999999999
1.0,-7,0.7,0.0,2.5,-1.0,0.42341000000000006
1.0,-6,0.7,70.0,2.5,0.0,0.4700399999999999
0.75,-7,0.8,70.0,1.5,-2.0,0.63845
0.6,-6,0.9,100.0,3.0,-1.0,0.7789400000000001
0.5,-7,0.7,0.0,3.0,-1.0,0.80101
1.0,-7,0.7,10.0,1.0,-1.0,0.40177000000000007
1.0,-9,0.7,70.0,3.0,-2.0,0.48644999999999994
0.5,-7,0.8,70.0,2.0,-2.0,0.8489000000000001
1.0,-8,0.7,40.0,1.5,-1.5,0.40196
0.75,-5,0.9,70.0,1.0,-1.5,0.5922000000000001
0.6,-5,0.8,100.0,1.5,0.0,0.75821
0.75,-7,0.7,100.0,1.0,0.0,0.6203199999999999
0.5,-10,0.5,0.0,2.0,0.0,0.8342800000000002
0.75,-6,0.8,70.0,2.5,-0.5,0.6536100000000001
1.0,-6,0.7,0.0,2.5,-1.5,0.45843
1.0,-7,0.7,70.0,2.0,-1.0,0.46554
0.75,-5,0.7,10.0,2.0,0.0,0.63017
1.0,-9,0.5,10.0,1.5,-1.0,0.46009
1.0,-10,0.5,0.0,2.5,-1.0,0.47619
1.0,-8,0.5,0.0,2.0,-0.5,0.46304000000000006
0.6,-5,0.8,70.0,1.5,0.0,0.7543300000000001
1.0,-7,0.5,10.0,1.0,-0.5,0.41634000000000004
0.5,-7,0.7,0.0,1.5,-1.5,0.79372
0.75,-8,0.7,70.0,3.0,0.0,0.6341999999999999
0.6,-8,0.7,10.0,2.5,-2.0,0.7542300000000001
0.75,-8,0.7,70.0,2.5,-0.5,0.6500199999999999
0.6,-9,0.5,10.0,1.5,-0.5,0.7449300000000001
1.0,-8,0.5,10.0,2.5,-0.5,0.445
1.0,-8,0.7,40.0,1.5,-2.0,0.43139000000000005
0.75,-9,0.7,70.0,1.0,-1.0,0.63056
0.6,-6,0.7,0.0,1.0,-2.0,0.7130000000000001
0.6,-6,0.7,40.0,1.5,-0.5,0.74165
0.5,-7,0.7,40.0,1.0,-1.0,0.80481
0.75,-7,0.7,70.0,3.0,-0.5,0.6565199999999999
0.75,-9,0.7,70.0,2.5,0.0,0.6152
0.75,-8,0.7,40.0,3.0,-1.0,0.63495
0.75,-8,0.7,70.0,3.0,-1.0,0.67686
0.75,-6,0.7,10.0,1.0,-0.5,0.55934
0.75,-8,0.5,0.0,1.5,0.0,0.6357499999999998
0.75,-5,1.0,100.0,2.0,-1.5,0.6138899999999999
0.75,-8,0.7,0.0,3.0,-1.0,0.6058199999999999
0.6,-8,0.8,70.0,3.0,-1.5,0.77148
0.6,-9,0.5,0.0,1.0,0.0,0.75071
0.5,-5,0.7,10.0,1.5,-1.0,0.8221999999999999
0.6,-6,0.7,10.0,2.0,-1.5,0.767
1.0,-5,0.9,70.0,2.0,-1.0,0.44077
0.5,-8,0.7,70.0,1.5,-0.5,0.8142400000000001
1.0,-5,0.8,40.0,3.0,-1.0,0.48016999999999993
0.75,-5,1.0,100.0,3.0,-1.5,0.62606
1.0,-8,0.7,100.0,3.0,-0.5,0.50146
1.0,-9,0.5,10.0,2.0,-1.5,0.47136000000000006
1.0,-10,0.7,40.0,2.0,-2.0,0.44372999999999996
0.6,-5,0.8,0.0,1.0,-2.0,0.71696
0.6,-6,0.8,70.0,1.0,-1.0,0.74294
0.6,-7,0.7,40.0,1.0,-1.5,0.73371
0.75,-9,0.5,10.0,1.0,-1.0,0.6089499999999999
0.75,-9,0.7,70.0,1.0,-2.0,0.6302000000000001
0.5,-8,0.7,100.0,2.0,0.0,0.8599500000000001
0.6,-9,0.5,10.0,1.0,-1.5,0.7423200000000001
0.6,-6,0.7,0.0,2.0,-2.0,0.76671
0.6,-10,0.7,40.0,1.0,-2.0,0.71036
0.5,-5,0.8,70.0,3.0,-0.5,0.85771
0.75,-6,0.7,0.0,2.0,-0.5,0.60877
0.6,-7,0.7,10.0,3.0,0.0,0.72002
0.75,-10,0.7,100.0,1.0,-1.5,0.6159
0.5,-7,0.7,40.0,2.5,-1.5,0.8511400000000002
0.6,-10,0.7,70.0,2.5,-1.0,0.7881400000000001
1.0,-10,0.5,10.0,2.0,0.0,0.46525999999999995
0.6,-5,1.0,100.0,1.0,-1.5,0.7180100000000001
0.75,-10,0.7,40.0,2.0,-2.0,0.59
0.5,-6,0.7,40.0,1.5,-1.5,0.8377799999999999
0.75,-7,0.5,10.0,1.0,0.0,0.5969800000000001
0.5,-5,0.7,10.0,1.5,0.0,0.7989499999999999
0.75,-6,0.8,40.0,1.0,-1.5,0.59229
1.0,-6,0.8,0.0,2.0,-2.0,0.41608
1.0,-5,0.8,100.0,2.0,0.0,0.4678399999999999
0.5,-8,0.7,40.0,3.0,-1.0,0.83612
0.5,-5,0.9,70.0,3.0,-1.5,0.8478900000000001
1.0,-6,0.7,40.0,2.5,0.0,0.43373999999999996
0.75,-5,1.0,70.0,1.0,-2.0,0.58063
0.6,-9,0.7,10.0,1.0,-2.0,0.6643699999999999
0.75,-9,0.8,100.0,2.5,-2.0,0.6623700000000001
0.75,-5,0.8,0.0,1.5,-1.5,0.61284
0.6,-9,0.5,0.0,3.0,-0.5,0.7887199999999999
1.0,-6,0.7,0.0,2.0,-1.0,0.4141
0.5,-8,0.7,40.0,1.5,0.0,0.78704
1.0,-8,0.8,100.0,1.0,-1.5,0.43712999999999996
0.75,-6,0.8,70.0,2.0,-1.0,0.6462199999999999
0.5,-7,0.7,40.0,2.0,0.0,0.8203500000000001
0.6,-8,0.7,40.0,1.5,-0.5,0.68875
1.0,-8,0.7,70.0,1.0,-1.5,0.4232099999999999
0.75,-10,0.7,40.0,1.5,-1.5,0.56814
0.5,-5,0.8,0.0,1.5,-2.0,0.81713
0.5,-5,0.8,70.0,1.5,-1.0,0.8335999999999999
0.6,-9,0.5,0.0,1.0,-1.0,0.7311300000000001
1.0,-5,0.9,100.0,2.5,-0.5,0.45940999999999993
0.6,-10,0.8,100.0,1.5,-2.0,0.76371
0.6,-10,0.5,40.0,1.0,-1.0,0.7450399999999999
0.6,-7,0.7,70.0,1.0,-0.5,0.7304800000000001
0.5,-9,0.8,100.0,2.5,-1.5,0.86439
0.6,-10,0.7,70.0,1.5,-1.0,0.71794
1.0,-10,0.5,0.0,2.5,-1.5,0.49532
0.6,-10,0.5,10.0,1.5,-0.5,0.7419800000000001
1.0,-8,0.7,70.0,1.5,0.0,0.46423000000000003
0.75,-5,0.7,0.001,3.0,0.0,0.63782
1.0,-7,0.7,70.0,2.5,-1.0,0.47611
0.6,-10,0.5,0.0,1.0,-0.5,0.74967
1.0,-9,0.5,10.0,1.0,-1.0,0.43043999999999993
0.5,-5,0.7,0.0,2.5,-0.5,0.82061
0.6,-5,0.9,40.0,2.5,-2.0,0.77369
0.6,-7,0.7,40.0,3.0,-1.0,0.7658400000000001
0.75,-8,0.5,10.0,1.5,-0.5,0.63027
0.6,-6,0.9,100.0,2.0,-1.0,0.7468700000000001
0.75,-10,0.7,100.0,2.0,-1.5,0.65212
0.6,-9,0.8,100.0,2.5,-1.5,0.7693500000000001
0.75,-10,0.5,10.0,1.0,-1.5,0.59934
1.0,-7,0.8,100.0,2.0,-1.5,0.46519000000000005
0.75,-5,0.9,100.0,1.5,0.0,0.62949
1.0,-7,0.7,70.0,3.0,0.0,0.4914199999999999
0.75,-6,0.9,40.0,2.5,-2.0,0.64169
0.75,-10,0.7,70.0,2.5,-0.5,0.63529
0.5,-10,0.7,70.0,3.0,-1.0,0.8427200000000001
0.75,-9,0.7,70.0,1.5,-2.0,0.6307400000000001
0.5,-10,0.5,40.0,1.0,-1.0,0.82867
0.75,-9,0.7,70.0,3.0,-0.5,0.64653
0.5,-9,0.8,100.0,3.0,-1.5,0.8601599999999999
0.5,-7,0.7,40.0,2.5,-1.0,0.8329700000000001
0.6,-6,0.8,40.0,2.5,-2.0,0.7783699999999999
1.0,-8,0.5,0.0,1.5,0.0,0.45204999999999995
0.6,-9,0.7,70.0,1.0,0.0,0.71883
1.0,-9,0.7,70.0,1.5,-1.0,0.4698300000000001
0.5,-7,0.9,100.0,2.0,-2.0,0.8532899999999998
0.75,-7,0.7,40.0,2.5,0.0,0.6093999999999999
1.0,-9,0.7,40.0,1.5,-1.0,0.40260999999999997
0.75,-10,0.7,70.0,3.0,-1.5,0.65317
1.0,-6,0.7,40.0,1.5,0.0,0.44828
0.6,-9,0.7,10.0,1.5,-1.5,0.68444
1.0,-8,0.8,70.0,1.5,-2.0,0.46569000000000005
0.75,-7,0.7,0.0,3.0,-1.0,0.6246400000000001
1.0,-9,0.5,40.0,2.5,0.0,0.47332
0.6,-8,0.5,0.0,1.5,-1.0,0.7404699999999999
0.6,-9,0.8,70.0,2.5,-2.0,0.77796
0.6,-5,0.7,0.0,1.0,-0.5,0.7031900000000002
0.6,-6,0.7,0.0,2.5,-0.5,0.7378899999999999
0.75,-8,0.8,100.0,1.0,-1.5,0.5970700000000001
1.0,-7,0.7,10.0,2.0,-0.5,0.41572
0.75,-8,0.7,70.0,2.0,0.0,0.6279900000000002
1.0,-8,0.5,10.0,2.5,0.0,0.44775
0.5,-10,0.5,40.0,1.0,-0.5,0.8163499999999999
0.5,-9,0.5,10.0,1.0,-1.0,0.8090399999999999
0.6,-6,0.8,70.0,3.0,-1.0,0.7777700000000001
1.0,-9,0.5,10.0,1.0,0.0,0.42569
0.5,-5,0.8,100.0,1.0,0.0,0.8086499999999999
0.6,-7,0.7,70.0,1.5,0.0,0.7147300000000001
0.5,-8,0.8,100.0,1.0,-1.0,0.8275499999999999
0.75,-8,0.5,0.0,2.5,0.0,0.65384
0.75,-5,0.9,10.0,1.5,-2.0,0.6127100000000001
0.6,-8,0.8,100.0,2.0,-1.5,0.7628599999999999
0.6,-10,0.5,40.0,2.0,-0.5,0.7844899999999999
0.75,-6,0.9,70.0,1.5,-1.5,0.63285
0.6,-5,1.0,100.0,2.5,-2.0,0.7535000000000001
0.6,-6,0.7,0.0,1.5,-2.0,0.73378
0.5,-10,0.7,100.0,2.0,-1.5,0.8595200000000001
1.0,-9,0.5,0.0,1.0,-1.5,0.41741
0.75,-7,0.7,70.0,2.5,0.0,0.62958
0.75,-8,0.8,100.0,3.0,-0.5,0.6512899999999998
0.75,-9,0.5,10.0,3.0,-0.5,0.6452500000000001
0.75,-5,0.7,0.0,2.0,-0.5,0.6127800000000001
0.6,-7,0.7,40.0,2.5,0.0,0.7616500000000002
0.6,-8,0.5,0.0,2.0,-0.5,0.77089
0.6,-6,0.9,100.0,1.5,-1.0,0.75232
0.5,-5,0.7,0.0,3.0,-1.0,0.85124
0.6,-6,0.8,10.0,2.0,-2.0,0.76482
0.5,-6,0.7,10.0,2.0,-1.0,0.82914
1.0,-6,0.7,10.0,3.0,-0.5,0.46247999999999995
0.5,-7,0.7,0.0,2.5,-1.0,0.7910200000000001
1.0,-5,1.0,100.0,3.0,-2.0,0.45373
0.75,-7,0.7,0.0,1.5,-1.5,0.60851
1.0,-10,0.7,100.0,2.0,-1.5,0.48837
0.6,-7,0.7,70.0,3.0,0.0,0.77103
1.0,-7,0.9,100.0,1.5,-2.0,0.45386000000000004
0.5,-5,0.9,100.0,3.0,-1.5,0.85398
1.0,-9,0.5,0.0,2.5,0.0,0.44609000000000004
1.0,-6,1.0,100.0,1.5,-2.0,0.43176
0.5,-9,0.8,100.0,1.0,-1.5,0.8138499999999999
0.6,-6,0.7,0.0,2.5,-1.5,0.7627900000000001
0.5,-7,0.5,0.0,1.5,-0.5,0.8457799999999999
0.6,-5,0.9,70.0,3.0,-1.0,0.7792700000000001
1.0,-7,0.7,0.0,1.0,-1.0,0.39441000000000004
0.75,-8,0.5,40.0,1.0,0.0,0.6148899999999999
0.5,-5,0.7,40.0,1.5,-0.5,0.8218
1.0,-9,0.5,0.0,3.0,-1.5,0.45732
0.6,-10,0.5,0.0,1.0,-2.0,0.74398
1.0,-6,0.7,10.0,1.0,-1.5,0.38597000000000004
0.75,-6,0.7,0.0,2.0,-1.0,0.6137699999999999
0.75,-10,0.5,10.0,2.0,-1.5,0.6191099999999999
0.75,-5,0.7,0.0,1.0,0.0,0.55666
0.6,-8,0.7,0.0,2.5,-1.5,0.7257700000000001
0.75,-5,0.9,70.0,3.0,-1.0,0.6488799999999999
1.0,-10,0.8,70.0,3.0,-1.5,0.49138000000000004
0.6,-7,0.8,70.0,1.5,-2.0,0.74929
0.6,-6,0.8,40.0,1.5,-1.5,0.72434
0.5,-5,0.7,0.0,1.0,-0.5,0.8082699999999999
0.5,-9,0.7,40.0,2.5,-1.5,0.8164300000000001
0.6,-5,1.0,100.0,2.0,-1.5,0.74453
0.6,-9,0.7,70.0,1.5,-2.0,0.75688
0.6,-8,0.7,70.0,2.0,-1.0,0.7737299999999999
0.75,-6,0.9,70.0,3.0,-2.0,0.64376
0.6,-7,0.7,0.0,3.0,-1.0,0.72163
0.6,-10,0.7,100.0,1.0,-0.5,0.7181900000000001
0.6,-6,0.7,0.0,2.5,0.0,0.72525
0.6,-7,0.7,10.0,3.0,-1.0,0.7414099999999999
0.75,-8,0.7,10.0,1.0,-1.0,0.5589000000000001
0.5,-8,0.7,70.0,1.0,0.0,0.8313200000000001
0.75,-10,0.5,40.0,1.5,0.0,0.62392
0.5,-5,1.0,100.0,3.0,-2.0,0.84956
0.5,-9,0.5,0.0,1.5,-1.5,0.8532
0.6,-5,0.9,40.0,3.0,-2.0,0.77789
0.5,-7,0.7,10.0,1.5,-2.0,0.81944
1.0,-8,0.7,70.0,1.5,-1.0,0.46559
1.0,-5,0.8,0.0,1.5,-2.0,0.41418
0.75,-7,0.7,0.0,2.0,-1.0,0.6115999999999999
0.5,-6,0.7,40.0,3.0,0.0,0.83202
0.75,-7,0.8,100.0,2.5,-0.5,0.6484500000000001
0.6,-10,0.7,70.0,2.5,0.0,0.7443600000000001
1.0,-7,0.7,70.0,1.5,-0.5,0.44923
1.0,-7,0.7,0.0,2.0,-1.0,0.39176
0.75,-9,0.7,100.0,1.0,-1.0,0.62633
0.6,-8,0.7,40.0,2.0,-2.0,0.7784800000000001
0.5,-8,0.7,70.0,2.0,-1.0,0.8445599999999999
0.6,-7,0.5,10.0,2.0,0.0,0.76381
0.75,-6,0.8,10.0,3.0,-2.0,0.65005
0.75,-10,0.7,70.0,3.0,-0.5,0.65437
0.5,-8,0.7,70.0,1.5,0.0,0.8118399999999999
1.0,-10,0.5,10.0,3.0,-2.0,0.5011399999999999
1.0,-10,0.5,70.0,1.0,-1.0,0.45217
0.6,-6,0.8,10.0,3.0,-2.0,0.77974
1.0,-5,1.0,100.0,2.0,-2.0,0.43389999999999995
0.75,-9,0.5,0.0,1.5,-1.0,0.6245900000000001
0.6,-10,0.7,40.0,2.5,-2.0,0.7585
0.75,-6,0.9,40.0,3.0,-2.0,0.64209
1.0,-5,1.0,70.0,1.5,-2.0,0.42827000000000004
0.6,-9,0.7,100.0,1.0,-0.5,0.7301400000000001
0.5,-7,0.7,10.0,1.5,-1.0,0.7978799999999999
1.0,-9,0.5,70.0,2.0,0.0,0.47531
0.6,-7,0.7,10.0,2.0,-2.0,0.77371
0.6,-10,0.5,0.0,2.0,-1.5,0.7749199999999998
0.6,-8,0.8,100.0,1.5,-1.5,0.74684
0.5,-10,0.5,10.0,2.0,-1.5,0.8303900000000001
1.0,-7,0.8,40.0,2.5,-2.0,0.44417
0.5,-7,0.7,10.0,3.0,-0.5,0.80802
0.75,-10,0.5,40.0,2.0,-0.5,0.65636
0.5,-10,0.7,40.0,3.0,-1.0,0.81044
0.5,-8,0.7,0.0,2.0,-2.0,0.78769
0.75,-5,0.9,70.0,2.0,-1.5,0.64218
0.75,-5,1.0,70.0,2.5,-2.0,0.61814
0.6,-9,0.5,10.0,2.5,0.0,0.78564
1.0,-6,0.7,40.0,1.5,-0.5,0.44206
0.5,-6,0.8,70.0,1.5,-1.0,0.8346099999999999
0.6,-6,0.8,40.0,1.5,-2.0,0.73063
0.5,-9,0.7,0.0,3.0,-2.0,0.7983200000000001
0.75,-10,0.5,70.0,1.5,0.0,0.6078300000000001
1.0,-8,0.8,100.0,2.5,0.0,0.4915999999999999
0.6,-6,0.7,10.0,1.5,-1.5,0.73572
0.6,-5,0.8,40.0,1.5,-1.0,0.74224
0.75,-8,0.7,10.0,3.0,-2.0,0.63055
0.6,-6,0.7,70.0,2.0,0.0,0.76644
0.75,-7,0.7,40.0,2.5,-0.5,0.6311900000000001
0.5,-10,0.7,100.0,1.0,-0.5,0.7846299999999999
0.6,-8,0.7,70.0,2.0,0.0,0.7689299999999999
0.6,-10,0.7,100.0,1.5,-0.5,0.7384300000000001
0.5,-7,0.7,10.0,2.5,-1.0,0.8015500000000001
0.75,-5,0.8,10.0,2.5,-1.0,0.6573800000000001
0.75,-6,0.7,10.0,3.0,0.0,0.6425000000000002
0.5,-8,0.7,100.0,1.0,0.0,0.8265399999999999
0.6,-7,0.5,0.0,1.5,0.0,0.76006
0.6,-9,0.8,100.0,1.0,-1.5,0.7524600000000001
0.75,-5,1.0,70.0,1.5,-2.0,0.62122
0.75,-9,0.7,40.0,1.5,-1.5,0.5751999999999999
0.75,-9,0.8,100.0,2.0,-2.0,0.65053
0.75,-7,0.8,100.0,1.0,-0.5,0.59013
1.0,-10,0.5,70.0,1.5,-0.5,0.48505000000000004
1.0,-7,0.7,0.0,1.5,-1.5,0.40062
0.5,-10,0.7,40.0,3.0,-2.0,0.8298200000000001
0.75,-9,0.5,0.0,3.0,-0.5,0.6443899999999999
0.75,-8,0.7,0.0,1.5,-2.0,0.5930699999999999
1.0,-7,0.7,0.0,1.0,-2.0,0.37333000000000005
1.0,-5,0.9,100.0,1.5,-1.0,0.44033
0.6,-5,0.9,40.0,1.0,-2.0,0.7262100000000001
0.75,-8,0.7,0.0,2.0,-2.0,0.63649
0.5,-6,0.7,0.0,1.0,-1.0,0.80106
1.0,-8,0.8,70.0,2.0,-0.5,0.4655099999999999
0.75,-10,0.5,70.0,1.0,0.0,0.6100900000000001
0.6,-10,0.7,70.0,1.0,-1.5,0.73214
0.75,-9,0.7,40.0,3.0,-0.5,0.60368
0.75,-6,0.8,10.0,2.0,-2.0,0.62967
0.6,-8,0.7,10.0,3.0,-1.5,0.7450699999999999
0.75,-10,0.5,10.0,3.0,0.0,0.67795
0.5,-6,0.7,10.0,1.5,-1.0,0.8246399999999999
1.0,-8,0.7,0.0,2.0,-2.0,0.38053
0.5,-5,0.8,0.0,3.0,-2.0,0.8497899999999999
0.75,-5,1.0,100.0,2.5,-1.0,0.63898
0.75,-9,0.5,10.0,1.0,-1.5,0.5975999999999999
1.0,-6,0.8,70.0,1.0,-1.5,0.42535999999999996
0.6,-7,0.8,100.0,1.0,-0.5,0.7412700000000001
1.0,-6,0.7,70.0,1.0,-0.5,0.43123999999999985
0.6,-6,0.7,0.0,2.0,-1.0,0.7583899999999999
0.5,-5,0.9,100.0,1.5,-1.0,0.8372499999999998
0.6,-6,0.7,0.0,1.5,-1.5,0.73378
1.0,-8,0.8,100.0,3.0,-1.5,0.48731
0.75,-9,0.7,10.0,2.5,-1.5,0.6131900000000001
0.75,-9,0.5,40.0,1.0,0.0,0.60727
0.5,-10,0.5,0.0,2.0,-1.0,0.84869
0.75,-5,1.0,70.0,3.0,-2.0,0.5991
1.0,-5,0.9,40.0,1.0,-1.5,0.41674000000000005
0.5,-8,0.7,10.0,1.0,-1.5,0.7779499999999999
0.5,-8,0.5,0.0,1.5,0.0,0.83354
0.5,-10,0.7,70.0,2.5,-0.5,0.81593
0.6,-6,0.9,100.0,2.5,-1.0,0.77986
0.5,-8,0.8,70.0,2.5,-2.0,0.8597300000000001
1.0,-8,0.7,40.0,2.5,-0.5,0.42833999999999994
0.75,-10,0.7,70.0,2.0,0.0,0.6257
0.5,-10,0.7,40.0,1.5,-1.5,0.8070600000000001
0.75,-10,0.5,0.0,2.5,-1.0,0.6572799999999999
1.0,-9,0.7,70.0,2.0,-2.0,0.46831000000000006
1.0,-10,0.8,100.0,2.5,-1.0,0.48388
0.75,-9,0.5,0.0,1.0,-1.5,0.61329
0.5,-8,0.8,70.0,1.0,-2.0,0.7986000000000001
0.5,-7,0.8,100.0,1.0,-1.5,0.82093
0.75,-10,0.7,40.0,3.0,-1.0,0.6045299999999999
0.5,-7,0.7,70.0,2.5,-0.5,0.84826
0.75,-8,0.8,100.0,2.5,-1.5,0.66196
0.5,-9,0.7,40.0,1.0,-2.0,0.7657599999999999
1.0,-6,0.8,70.0,3.0,-1.0,0.46796000000000004
0.6,-8,0.7,40.0,1.0,-1.0,0.72369
0.75,-9,0.7,70.0,2.0,-1.5,0.6525900000000001
0.5,-8,0.7,70.0,2.0,-0.5,0.8329600000000001
0.6,-5,0.7,10.0,3.0,-0.5,0.76924
1.0,-8,0.7,70.0,2.0,-1.5,0.46751000000000004
1.0,-5,0.8,40.0,1.0,-1.0,0.43086
0.75,-8,0.5,0.0,3.0,-0.5,0.60793
1.0,-7,0.7,0.0,2.5,-1.5,0.44111
0.75,-10,0.7,40.0,2.5,-1.5,0.60453
0.6,-10,0.5,10.0,1.0,-2.0,0.7531800000000001
0.75,-9,0.7,0.0,3.0,-1.5,0.6360600000000001
1.0,-6,0.7,70.0,1.0,0.0,0.42166
0.6,-7,0.8,100.0,2.0,-1.0,0.7665500000000001
0.5,-8,0.7,10.0,3.0,-1.0,0.8178099999999999
1.0,-9,0.5,40.0,3.0,-0.5,0.4867800000000001
0.75,-10,0.7,100.0,2.5,-1.0,0.64292
0.6,-6,0.7,10.0,3.0,-1.0,0.75715
0.5,-5,0.9,100.0,2.5,-1.0,0.83933
1.0,-7,0.9,100.0,3.0,-2.0,0.47580999999999996
1.0,-7,0.8,70.0,1.0,-2.0,0.4182600000000001
1.0,-7,0.5,10.0,2.0,0.0,0.46667999999999993
0.75,-9,0.7,10.0,3.0,-1.5,0.6404600000000001
0.75,-10,0.5,0.0,2.5,-1.5,0.63372
0.75,-6,0.8,40.0,3.0,-1.5,0.6496999999999999
0.6,-10,0.7,100.0,3.0,0.0,0.7612300000000001
1.0,-10,0.5,10.0,2.0,-0.5,0.46835000000000004
0.5,-9,0.5,10.0,2.5,-1.0,0.8603799999999999
0.6,-7,0.8,100.0,1.5,0.0,0.7565000000000001
1.0,-9,0.8,70.0,2.0,-1.0,0.47029000000000004
0.75,-5,0.8,0.0,2.5,-2.0,0.63472
0.5,-9,0.5,0.0,1.0,-2.0,0.7794099999999999
0.5,-5,0.9,40.0,3.0,-2.0,0.84633
0.75,-7,0.7,10.0,2.5,-1.5,0.6550399999999998
0.6,-5,0.8,100.0,1.0,0.0,0.74378
0.75,-6,0.7,70.0,2.0,0.0,0.6391000000000001
1.0,-5,0.7,10.0,1.0,-1.0,0.38614
0.6,-6,0.7,40.0,1.0,-1.0,0.7392
0.5,-6,0.9,100.0,2.5,-1.0,0.8383900000000001
1.0,-5,0.8,70.0,2.0,0.0,0.4676600000000001
1.0,-6,0.5,10.0,1.0,0.0,0.40614
0.75,-6,0.7,40.0,3.0,0.0,0.6597999999999999
0.6,-6,0.7,10.0,2.0,0.0,0.7244
1.0,-7,0.7,40.0,2.5,0.0,0.43612
0.75,-9,0.7,70.0,1.5,-1.0,0.62416
0.5,-6,0.7,70.0,1.5,0.0,0.81846
1.0,-5,0.7,10.0,2.0,0.0,0.41685
0.5,-10,0.7,70.0,2.5,-1.0,0.84324
0.75,-5,0.7,10.0,1.5,0.0,0.5835100000000001
0.5,-10,0.5,40.0,2.5,-0.5,0.8524899999999999
0.5,-10,0.5,40.0,3.0,0.0,0.8454600000000001
0.6,-9,0.7,100.0,3.0,-0.5,0.79138
0.75,-7,0.8,40.0,2.0,-1.5,0.6545799999999999
0.5,-10,0.7,40.0,2.0,-1.5,0.8144600000000001
0.75,-9,0.5,40.0,2.0,0.0,0.6459900000000001
1.0,-5,0.7,0.0,2.0,0.0,0.41142
0.6,-8,0.7,100.0,1.5,0.0,0.7546000000000002
1.0,-10,0.5,10.0,2.5,-2.0,0.4879200000000001
0.6,-6,1.0,100.0,2.0,-2.0,0.7368500000000001
0.75,-9,0.7,0.0,2.5,-2.0,0.62843
0.5,-7,0.7,100.0,2.0,0.0,0.8450199999999999
0.5,-8,0.7,40.0,1.0,-0.5,0.78626
0.6,-5,0.8,40.0,3.0,-0.5,0.76339
0.75,-10,0.5,40.0,1.0,-1.0,0.5841500000000001
0.6,-5,0.7,0.0,1.0,-1.0,0.7194900000000001
1.0,-7,0.7,40.0,3.0,-0.5,0.4494999999999999
0.6,-7,0.8,40.0,1.0,-2.0,0.7408499999999999
0.75,-8,0.5,10.0,2.5,-0.5,0.60674
0.75,-5,0.9,10.0,2.5,-2.0,0.6481
0.75,-9,0.7,100.0,2.5,-0.5,0.64347
0.75,-9,0.7,40.0,1.5,-2.0,0.57539
0.5,-9,0.7,70.0,2.5,-0.5,0.8289099999999999
0.6,-9,0.5,10.0,3.0,-1.0,0.7579100000000001
1.0,-6,0.8,10.0,2.0,-2.0,0.44331
1.0,-6,0.7,0.0,3.0,-0.5,0.45951999999999993
0.75,-8,0.7,40.0,1.5,-1.0,0.5959
0.6,-6,0.8,100.0,1.0,0.0,0.7431800000000001
0.6,-9,0.8,70.0,3.0,-2.0,0.7726999999999999
0.75,-10,0.5,0.0,2.5,-0.5,0.6694100000000001
0.6,-7,0.8,40.0,3.0,-2.0,0.78684
0.5,-7,0.7,40.0,3.0,-0.5,0.8461700000000001
0.5,-9,0.7,40.0,2.0,-0.5,0.7988100000000001
1.0,-8,0.5,10.0,1.5,-1.0,0.45805999999999997
1.0,-9,0.7,70.0,1.5,-0.5,0.46891000000000005
0.5,-10,0.7,100.0,1.0,-2.0,0.7948199999999999
1.0,-5,0.8,10.0,1.5,-1.5,0.4524
0.6,-8,0.5,10.0,1.0,-0.5,0.7339300000000001
0.6,-6,0.7,40.0,2.5,0.0,0.7610300000000001
0.6,-5,0.9,100.0,1.5,-0.5,0.75738
0.6,-5,0.8,0.0,2.5,-1.5,0.76946
0.75,-7,0.7,10.0,3.0,-2.0,0.65857
0.6,-9,0.5,10.0,2.0,-0.5,0.7855099999999998
0.75,-10,0.5,10.0,2.5,0.0,0.67093
1.0,-9,0.7,70.0,3.0,-0.5,0.48979999999999996
0.75,-6,0.8,40.0,2.5,-1.0,0.65492
1.0,-7,0.5,0.001,3.0,0.0,0.47590999999999994
0.75,-8,0.7,40.0,1.5,-1.5,0.62081
0.6,-10,0.5,10.0,1.0,0.0,0.74753
0.75,-9,0.7,70.0,1.0,0.0,0.6156200000000001
1.0,-10,0.7,100.0,1.5,-2.0,0.48292999999999997
1.0,-5,0.8,10.0,2.0,-1.0,0.46491
0.75,-9,0.7,100.0,2.0,-1.0,0.6492500000000001
0.75,-7,0.8,70.0,2.5,-1.5,0.6570600000000001
0.6,-8,0.7,70.0,1.0,0.0,0.7277600000000001
0.6,-7,0.8,40.0,2.0,-2.0,0.77424
0.75,-7,0.9,70.0,3.0,-2.0,0.64544
0.75,-5,0.9,70.0,2.5,-1.5,0.64961
0.75,-5,0.8,70.0,3.0,0.0,0.6476599999999999
0.75,-8,0.7,70.0,1.0,0.0,0.6097400000000001
0.6,-8,0.7,0.0,2.0,-1.0,0.69116
0.6,-9,0.7,70.0,2.5,-1.5,0.7820900000000001
1.0,-10,0.5,0.0,2.0,-1.5,0.47858
0.6,-6,0.7,40.0,2.5,-0.5,0.7605700000000001
0.5,-8,0.7,10.0,2.0,-1.0,0.7855299999999998
0.6,-5,0.7,0.0,2.0,0.0,0.73898
1.0,-8,0.8,100.0,1.5,-1.5,0.46621999999999997
0.5,-9,0.7,40.0,2.5,-0.5,0.80908
0.75,-9,0.7,10.0,2.0,-2.0,0.5902300000000001
0.6,-10,0.5,40.0,2.5,-0.5,0.7873699999999999
0.75,-8,0.8,100.0,3.0,-1.5,0.6712499999999999
0.5,-6,0.7,0.0,1.0,-0.5,0.79762
0.6,-7,0.7,10.0,1.5,-2.0,0.7289100000000002
0.6,-5,0.8,40.0,2.5,-1.5,0.76361
1.0,-5,0.9,40.0,3.0,-2.0,0.45301
0.6,-5,0.8,40.0,1.0,-1.5,0.71828
0.5,-5,0.9,100.0,1.5,-0.5,0.8356000000000001
0.75,-10,0.7,100.0,2.0,0.0,0.63119
0.5,-5,0.8,70.0,3.0,0.0,0.8559299999999999
0.6,-9,0.7,0.0,1.5,-2.0,0.66116
0.6,-10,0.7,70.0,3.0,-1.5,0.78542
0.75,-10,0.5,10.0,1.5,0.0,0.64509
0.75,-7,0.7,0.0,3.0,-2.0,0.64223
0.6,-7,0.7,0.0,1.5,-1.5,0.7251099999999999
1.0,-10,0.5,10.0,2.5,0.0,0.46936
0.75,-8,0.8,100.0,2.0,-1.0,0.65952
0.75,-8,0.5,10.0,3.0,0.0,0.5865300000000001
1.0,-6,0.8,100.0,2.0,0.0,0.46867000000000003
0.6,-7,0.7,40.0,3.0,0.0,0.75916
0.75,-9,0.7,100.0,2.5,0.0,0.61905
0.75,-10,0.7,70.0,2.0,-0.5,0.63768
0.5,-8,0.8,70.0,2.0,-2.0,0.8511999999999998
1.0,-8,0.7,40.0,2.5,-2.0,0.45336
1.0,-10,0.5,0.0,2.5,-0.5,0.45319000000000004
0.6,-7,0.8,100.0,1.0,-1.0,0.7422000000000001
0.75,-10,0.5,0.001,3.0,0.0,0.6660299999999999
0.75,-6,0.9,70.0,2.0,-2.0,0.62133
0.75,-5,0.9,100.0,2.0,-1.0,0.64462
0.5,-9,0.7,100.0,2.0,-0.5,0.8516
1.0,-7,0.8,10.0,3.0,-0.5,0.42939000000000005
0.5,-6,0.7,0.0,2.0,-0.5,0.79233
1.0,-9,0.5,100.0,1.0,0.0,0.39957999999999994
1.0,-10,0.7,100.0,2.0,-0.5,0.49259
0.5,-6,0.9,70.0,2.5,-2.0,0.8426
1.0,-7,0.7,10.0,2.0,-1.5,0.44673000000000007
0.6,-8,0.7,10.0,2.5,-1.0,0.7174100000000001
0.75,-6,0.7,0.0,1.5,-1.5,0.6093599999999999
0.5,-5,0.8,100.0,1.5,0.0,0.8350100000000001
0.6,-5,1.0,100.0,1.5,-1.5,0.7409000000000001
1.0,-8,0.5,0.0,1.0,0.0,0.40883
0.5,-8,0.7,100.0,1.0,-0.5,0.8294499999999999
1.0,-5,1.0,100.0,2.5,-1.5,0.45304
0.5,-5,0.7,0.001,3.0,0.0,0.8147100000000002
0.5,-8,0.7,0.0,1.5,-1.5,0.77694
1.0,-9,0.7,70.0,2.5,-2.0,0.4757999999999999
1.0,-5,0.8,0.0,3.0,-1.5,0.45914
0.5,-10,0.5,0.0,3.0,-2.0,0.82149
0.6,-5,0.9,100.0,2.5,-0.5,0.7743599999999999
1.0,-7,0.7,70.0,1.5,-1.0,0.4558
1.0,-5,0.8,40.0,1.5,-0.5,0.45181000000000004
1.0,-5,0.9,10.0,3.0,-2.0,0.4523400000000001
1.0,-7,0.8,100.0,2.5,-1.0,0.47402000000000005
0.75,-6,0.7,10.0,1.0,0.0,0.5426300000000001
0.5,-8,0.7,70.0,2.0,0.0,0.82742
0.75,-6,0.8,0.0,2.0,-2.0,0.62093
0.6,-6,0.9,70.0,2.5,-1.5,0.7742799999999999
0.5,-5,0.7,0.0,1.0,-1.5,0.80809
1.0,-7,0.8,70.0,2.0,-2.0,0.46950000000000003
0.6,-8,0.8,100.0,2.5,-1.5,0.76757
1.0,-5,0.7,0.0,2.5,0.0,0.4255
0.75,-6,0.7,0.0,2.5,-1.0,0.62244
0.6,-6,0.7,40.0,3.0,-0.5,0.75892
1.0,-10,0.5,40.0,2.5,0.0,0.4848800000000001
0.75,-8,0.7,70.0,1.5,-1.0,0.6251899999999999
0.5,-9,0.8,100.0,2.0,-1.5,0.8571900000000001
0.5,-5,0.7,10.0,1.0,-1.0,0.8042900000000002
0.6,-10,0.7,70.0,2.5,-2.0,0.78508
1.0,-8,0.5,40.0,1.5,0.0,0.46947
1.0,-6,0.8,100.0,1.5,-0.5,0.44370000000000004
1.0,-5,0.9,70.0,3.0,-1.5,0.465
0.5,-6,0.8,40.0,1.0,-2.0,0.7949399999999999
0.75,-8,0.7,40.0,2.0,-2.0,0.64864
1.0,-8,0.7,0.0,1.5,-2.0,0.37478999999999996
0.5,-6,0.7,10.0,2.5,-1.5,0.8416399999999999
0.75,-8,0.5,0.0,1.0,0.0,0.62045
0.5,-6,0.7,10.0,2.0,-0.5,0.79805
0.6,-6,0.9,100.0,1.5,-1.5,0.7379800000000001
0.75,-7,0.7,40.0,3.0,-1.0,0.6713199999999999
0.5,-9,0.7,10.0,2.5,-1.5,0.7992299999999999
0.6,-6,0.9,100.0,3.0,-1.5,0.7785900000000001
0.6,-8,0.7,70.0,1.5,-1.0,0.74017
1.0,-7,0.5,0.0,2.5,0.0,0.45021000000000005
0.6,-10,0.5,0.0,3.0,-2.0,0.7760099999999999
0.6,-7,0.7,10.0,2.5,0.0,0.7209500000000001
1.0,-8,0.7,70.0,1.0,-0.5,0.43326999999999993
1.0,-6,0.8,0.0,3.0,-2.0,0.46780999999999995
0.75,-10,0.5,10.0,3.0,-1.0,0.6347499999999999
0.75,-9,0.7,40.0,2.0,-1.0,0.55913
0.75,-8,0.5,0.001,3.0,0.0,0.62174
0.6,-8,0.7,40.0,3.0,-2.0,0.78868
0.75,-5,0.9,100.0,2.0,0.0,0.64056
0.5,-10,0.5,0.0,2.5,-0.5,0.8582300000000002
1.0,-9,0.7,40.0,3.0,-1.5,0.44455999999999996
0.75,-6,0.9,100.0,2.5,-1.5,0.65418
0.6,-6,0.7,0.0,1.0,-1.0,0.7060700000000001
0.5,-5,0.8,40.0,2.0,-1.5,0.8342600000000001
1.0,-10,0.5,0.0,3.0,-1.0,0.49104000000000003
0.75,-8,0.5,0.0,1.5,-1.0,0.63436
1.0,-5,0.8,10.0,2.5,-1.0,0.47063999999999995
0.6,-10,0.5,0.0,1.5,0.0,0.7519799999999999
1.0,-6,0.7,10.0,2.0,-1.5,0.45456
0.5,-5,0.7,10.0,2.5,-1.5,0.84421
0.75,-6,0.8,100.0,1.0,0.0,0.60085
0.75,-9,0.5,0.001,3.0,0.0,0.66266
0.5,-9,0.5,10.0,2.0,0.0,0.85823
0.75,-6,0.7,40.0,1.0,0.0,0.56793
0.6,-6,0.8,70.0,2.0,-0.5,0.74765
0.5,-7,0.9,100.0,1.5,-2.0,0.83241
0.5,-9,0.5,0.0,2.5,0.0,0.84893
0.5,-10,0.5,0.0,2.5,-2.0,0.79839
1.0,-10,0.3,0.0,1.5,0.0,0.43865
0.75,-9,0.7,40.0,1.0,-2.0,0.5894699999999998
0.5,-5,0.7,10.0,2.0,-0.5,0.8237500000000001
1.0,-9,0.7,100.0,3.0,0.0,0.5108900000000001
0.75,-7,0.9,100.0,3.0,-1.5,0.6532199999999999
0.5,-6,0.9,100.0,2.0,-1.5,0.84507
0.6,-10,0.5,0.0,2.5,-1.0,0.7822600000000001
0.5,-8,0.5,0.0,2.5,0.0,0.8560700000000001
0.75,-5,0.8,10.0,2.0,-1.0,0.64178
1.0,-10,0.7,70.0,3.0,-1.0,0.4989100000000001
1.0,-8,0.5,10.0,2.0,-1.0,0.4573999999999999
1.0,-8,0.5,0.0,1.0,-1.0,0.39592
0.6,-8,0.7,0.0,1.5,-2.0,0.67935
0.5,-6,0.7,10.0,1.0,-0.5,0.8004100000000001
0.75,-10,0.5,10.0,2.0,-0.5,0.66691
1.0,-10,0.5,10.0,1.5,-0.5,0.45067
0.5,-9,0.5,0.0,2.0,-1.5,0.84168
0.5,-5,0.7,40.0,2.5,-0.5,0.84615
1.0,-5,0.7,10.0,1.0,-0.5,0.38282
1.0,-7,0.7,10.0,2.5,-1.5,0.45054999999999995
0.75,-7,0.9,100.0,1.5,-2.0,0.6165400000000001
0.75,-7,0.7,40.0,1.0,-1.5,0.60247
1.0,-9,0.7,10.0,1.5,-2.0,0.39047999999999994
0.5,-9,0.7,100.0,2.5,-0.5,0.85577
0.6,-8,0.8,100.0,2.5,-1.0,0.77083
0.5,-5,0.9,100.0,1.0,-1.0,0.80352
0.5,-7,0.8,70.0,3.0,-2.0,0.85502
0.75,-7,0.7,70.0,3.0,0.0,0.6473699999999999
1.0,-7,0.8,40.0,1.0,-2.0,0.40605
0.5,-10,0.7,40.0,1.5,-2.0,0.82236
0.5,-8,0.5,10.0,1.5,-1.0,0.8469099999999999
1.0,-10,0.5,10.0,2.5,-0.5,0.4724500000000001
0.75,-6,0.7,0.0,2.5,0.0,0.61854
1.0,-6,0.8,100.0,2.5,0.0,0.48485000000000006
0.5,-9,0.7,70.0,2.0,-2.0,0.85784
0.75,-9,0.5,0.0,2.0,0.0,0.65646
1.0,-10,0.5,100.0,1.5,0.0,0.47847999999999996
1.0,-6,0.7,40.0,2.5,-1.0,0.47416
0.75,-6,0.8,10.0,1.5,-2.0,0.6063
0.75,-10,0.5,10.0,2.5,-1.0,0.6445099999999999
0.6,-10,0.7,70.0,2.0,-1.0,0.7864099999999998
0.75,-8,0.7,10.0,2.0,-1.5,0.6441600000000001
1.0,-8,0.7,10.0,1.5,-1.5,0.4037
0.75,-5,0.7,40.0,1.0,0.0,0.58873
1.0,-6,0.8,40.0,1.5,-2.0,0.4450800000000001
0.5,-6,0.7,0.0,2.5,-2.0,0.83539
0.75,-5,0.9,40.0,3.0,-1.5,0.65404
0.5,-7,0.7,70.0,1.5,-0.5,0.8166
0.6,-5,0.7,0.0,3.0,-0.5,0.752
1.0,-10,0.7,70.0,1.0,-2.0,0.42994000000000004
0.6,-5,0.8,0.0,2.0,-2.0,0.7593300000000001
0.75,-5,0.9,70.0,2.0,-1.0,0.6399199999999999
1.0,-10,0.5,40.0,1.5,-1.0,0.45903
0.6,-9,0.5,0.0,2.5,-0.5,0.78748
0.5,-8,0.8,100.0,2.0,-1.0,0.8557
0.75,-7,0.8,70.0,3.0,-1.5,0.66669
0.6,-9,0.5,10.0,3.0,0.0,0.7898100000000001
0.6,-5,0.9,70.0,2.5,-1.0,0.77593
1.0,-6,0.8,40.0,1.0,-2.0,0.42141
0.5,-6,0.8,70.0,2.5,-1.0,0.8576599999999999
1.0,-8,0.7,40.0,1.0,-2.0,0.40251000000000003
0.75,-5,0.9,10.0,3.0,-2.0,0.65447
0.5,-5,0.8,70.0,2.0,0.0,0.8409899999999999
0.5,-9,0.7,70.0,3.0,-1.0,0.8463100000000001
0.5,-8,0.5,0.0,1.5,-1.0,0.85321
0.5,-7,0.8,100.0,2.5,-0.5,0.8450300000000001
0.5,-10,0.7,70.0,2.5,-2.0,0.86302
1.0,-6,0.7,40.0,2.0,-0.5,0.45210000000000006
1.0,-7,0.8,70.0,3.0,-2.0,0.48552000000000006
0.5,-5,0.8,70.0,2.5,-0.5,0.85257
0.75,-9,0.5,40.0,3.0,0.0,0.66398
0.5,-6,0.9,100.0,1.5,-1.5,0.83636
1.0,-7,0.5,0.0,1.5,0.0,0.44749
1.0,-7,0.5,0.0,2.5,-0.5,0.45531
0.75,-8,0.7,0.0,3.0,-2.0,0.62683
0.75,-9,0.7,40.0,1.0,-1.0,0.57172
0.75,-6,0.7,70.0,1.5,0.0,0.637
1.0,-7,0.8,40.0,1.5,-2.0,0.4318600000000001
1.0,-5,0.7,0.0,2.0,-1.0,0.42116
0.75,-7,0.9,100.0,2.5,-1.5,0.6517999999999999
0.5,-10,0.7,40.0,1.0,-1.5,0.80046
0.6,-8,0.7,10.0,2.5,-1.5,0.73409
0.75,-10,0.7,70.0,3.0,-1.0,0.6756500000000001
0.75,-8,0.7,0.0,2.5,-1.5,0.6273799999999998
1.0,-7,0.7,0.0,2.0,-2.0,0.41353000000000006
0.6,-10,0.7,100.0,1.0,-1.5,0.7403400000000001
1.0,-9,0.8,100.0,3.0,-0.5,0.50511
0.75,-6,0.8,40.0,1.5,-1.5,0.6176
0.75,-6,0.7,10.0,2.5,-1.0,0.6515299999999999
0.5,-8,0.7,40.0,1.5,-1.5,0.8235899999999999
1.0,-7,0.7,100.0,2.0,0.0,0.45857000000000003
0.5,-6,0.8,70.0,2.0,-1.5,0.8450200000000002
0.75,-7,0.7,70.0,2.5,-0.5,0.6506500000000001
0.75,-10,0.5,40.0,2.5,-0.5,0.6591700000000001
0.5,-6,0.9,100.0,2.0,-1.0,0.8454499999999999
1.0,-9,0.5,0.0,3.0,-1.0,0.45999
0.6,-8,0.8,70.0,3.0,-2.0,0.77868
0.5,-6,0.8,70.0,3.0,-0.5,0.8597899999999999
0.5,-8,0.7,0.0,2.5,-2.0,0.79473
0.5,-7,0.8,70.0,3.0,-1.5,0.85512
1.0,-6,0.9,100.0,2.0,-1.5,0.43755
1.0,-7,0.7,40.0,1.5,-0.5,0.41179
0.6,-5,1.0,100.0,2.0,-2.0,0.7355500000000001
0.75,-10,0.7,100.0,2.5,-1.5,0.6462600000000001
1.0,-6,0.7,10.0,1.5,0.0,0.42867
0.5,-9,0.7,40.0,2.0,-1.5,0.8163000000000002
1.0,-7,0.7,70.0,2.0,-0.5,0.45309999999999995
0.6,-8,0.7,40.0,3.0,-1.5,0.76155
0.75,-8,0.7,10.0,2.0,-1.0,0.6276100000000001
0.5,-8,0.7,40.0,2.5,-2.0,0.8484499999999999
0.75,-10,0.7,40.0,3.0,-2.0,0.6379400000000001
1.0,-7,0.7,100.0,1.0,0.0,0.42804999999999993
1.0,-9,0.5,40.0,1.5,0.0,0.45999999999999996
0.6,-8,0.7,70.0,2.5,0.0,0.7882
0.6,-10,0.7,100.0,2.0,-1.5,0.78583
0.5,-10,0.5,10.0,2.5,-1.0,0.86165
1.0,-8,0.8,100.0,2.0,0.0,0.46567
0.5,-8,0.7,70.0,2.0,-1.5,0.8484400000000001
1.0,-6,0.8,70.0,1.5,-1.0,0.4469
0.6,-5,0.9,40.0,3.0,-1.5,0.76898
0.75,-9,0.7,0.0,1.5,-2.0,0.5554399999999999
0.6,-9,0.7,40.0,1.5,-1.0,0.72532
0.5,-10,0.8,100.0,1.5,-2.0,0.8362499999999999
0.6,-7,0.8,70.0,2.0,-1.5,0.7662799999999999
1.0,-5,0.9,100.0,2.0,-0.5,0.44526999999999994
0.6,-7,0.7,10.0,1.5,-1.0,0.7170500000000002
0.5,-9,0.7,70.0,2.0,-0.5,0.8248600000000001
1.0,-8,0.8,70.0,2.0,-2.0,0.47007000000000004
0.75,-5,0.9,100.0,1.0,-1.0,0.5852700000000001
0.6,-6,0.8,40.0,2.0,-1.5,0.75925
0.5,-6,0.8,100.0,1.5,-0.5,0.8371200000000002
0.75,-10,0.7,40.0,1.5,-2.0,0.57247
0.75,-8,0.8,100.0,3.0,-1.0,0.65862
0.75,-10,0.7,100.0,2.0,-1.0,0.65275
0.5,-8,0.7,0.0,1.0,-2.0,0.7724399999999999
1.0,-7,0.7,0.0,2.5,-2.0,0.43802
0.75,-6,0.9,100.0,2.5,-1.0,0.6571800000000001
0.6,-6,0.7,0.0,3.0,-1.0,0.76132
1.0,-6,0.5,0.0,1.5,0.0,0.42325
1.0,-10,0.5,0.0,1.5,-0.5,0.43685999999999997
1.0,-9,0.5,10.0,2.5,0.0,0.4530000000000001
0.75,-5,1.0,70.0,2.0,-2.0,0.59796
1.0,-9,0.5,10.0,1.5,-1.5,0.45865
0.6,-9,0.7,40.0,2.0,-1.5,0.73235
0.5,-8,0.7,10.0,2.0,-2.0,0.81099
1.0,-10,0.5,0.0,1.0,-2.0,0.3968400000000001
0.5,-6,0.8,100.0,2.5,0.0,0.8455799999999998
0.75,-7,0.7,10.0,1.5,-2.0,0.62858
0.5,-7,0.7,0.0,1.0,-1.0,0.7727400000000001
0.6,-10,0.5,0.001,3.0,0.0,0.7767999999999999
0.6,-6,0.7,10.0,2.5,-1.0,0.75058
1.0,-10,0.5,10.0,3.0,-0.5,0.47671
0.5,-9,0.7,70.0,1.5,-0.5,0.8080300000000001
0.5,-8,0.7,10.0,1.0,-2.0,0.7758999999999999
0.5,-6,0.9,100.0,2.5,-1.5,0.8383200000000001
0.75,-6,0.7,0.0,3.0,-1.5,0.6515099999999999
0.75,-9,0.5,0.0,2.0,-1.0,0.63085
0.6,-6,0.7,10.0,1.5,-1.0,0.72628
0.6,-5,0.8,0.0,3.0,-1.5,0.77401
0.6,-10,0.7,70.0,1.0,0.0,0.6952400000000001
0.5,-6,0.7,0.0,1.0,-1.5,0.80106
1.0,-9,0.7,100.0,3.0,-1.5,0.49146999999999996
1.0,-7,0.7,0.0,1.5,-2.0,0.4045500000000001
0.5,-10,0.5,70.0,1.0,0.0,0.79225
0.5,-10,0.7,100.0,3.0,0.0,0.8390300000000002
1.0,-5,1.0,70.0,2.5,-2.0,0.45815
0.75,-6,0.9,100.0,1.0,-1.5,0.5937800000000001
0.5,-10,0.5,40.0,1.5,-0.5,0.81049
0.6,-7,0.5,0.0,1.0,-0.5,0.7485199999999999
0.6,-9,0.7,40.0,1.0,-1.5,0.7135199999999999
0.75,-6,0.7,70.0,3.0,0.0,0.6568100000000001
0.6,-5,1.0,70.0,1.5,-2.0,0.7296500000000001
0.75,-5,0.7,0.0,2.0,-1.0,0.61981
0.5,-10,0.7,100.0,1.5,-0.5,0.8366199999999999
0.75,-5,0.9,40.0,2.5,-1.5,0.65441
1.0,-7,0.8,100.0,2.0,-1.0,0.46592
0.5,-7,0.7,40.0,1.0,-2.0,0.8036399999999999
0.6,-6,0.7,0.0,2.5,-2.0,0.7534000000000001
1.0,-5,0.7,10.0,2.5,0.0,0.42358
0.75,-6,0.7,10.0,1.5,-1.0,0.6063099999999999
1.0,-10,0.5,0.0,2.0,-2.0,0.47922000000000003
0.6,-7,0.8,70.0,1.5,-1.5,0.73473
0.6,-9,0.7,100.0,2.0,0.0,0.7596200000000001
0.6,-10,0.7,70.0,1.0,-0.5,0.7060900000000001
0.5,-5,0.8,100.0,3.0,0.0,0.8632799999999998
0.6,-7,0.7,0.0,1.0,-1.0,0.69769
1.0,-5,0.7,40.0,3.0,0.0,0.46370999999999996
1.0,-7,0.5,0.0,1.5,-0.5,0.45185
1.0,-5,0.9,10.0,2.5,-2.0,0.45016
0.5,-9,0.7,70.0,2.5,-1.0,0.8470599999999999
0.5,-5,0.7,10.0,3.0,-1.5,0.85481
0.6,-10,0.7,70.0,1.5,-1.5,0.7262900000000001
1.0,-8,0.7,40.0,3.0,-1.0,0.4338099999999999
1.0,-10,0.7,100.0,2.5,-0.5,0.49813999999999997
0.75,-6,0.7,10.0,1.0,-1.5,0.60583
1.0,-6,0.7,0.0,2.0,-1.5,0.42560000000000003
0.75,-8,0.7,40.0,2.0,0.0,0.5955699999999998
1.0,-6,0.7,0.0,1.0,-2.0,0.39563999999999994
0.75,-9,0.7,100.0,1.0,0.0,0.6194599999999999
0.5,-5,0.8,10.0,1.0,-2.0,0.80529
0.5,-9,0.5,10.0,3.0,0.0,0.84932
1.0,-6,0.7,10.0,3.0,-1.0,0.45987
0.6,-9,0.7,40.0,2.5,-1.5,0.72966
0.5,-8,0.5,40.0,1.0,0.0,0.82157
0.75,-10,0.7,70.0,1.5,-0.5,0.6291900000000001
0.6,-7,0.7,10.0,1.0,-2.0,0.6940599999999999
1.0,-9,0.5,0.0,1.0,-1.0,0.41481
1.0,-10,0.5,10.0,1.5,0.0,0.45404999999999995
1.0,-8,0.8,100.0,3.0,-1.0,0.48258999999999996
1.0,-5,0.8,40.0,3.0,-0.5,0.48572999999999994
0.75,-7,0.7,40.0,1.0,-1.0,0.58185
1.0,-8,0.5,10.0,1.5,0.0,0.47221
1.0,-5,0.8,10.0,3.0,-1.5,0.47426
0.5,-9,0.7,100.0,2.0,0.0,0.8525600000000001
0.6,-10,0.5,10.0,2.0,-1.0,0.77518
0.6,-8,0.7,40.0,2.5,0.0,0.71802
1.0,-9,0.5,0.0,1.5,-2.0,0.44785
0.6,-10,0.5,0.0,2.0,-2.0,0.76372
0.75,-7,0.8,100.0,1.5,0.0,0.62766
0.75,-10,0.5,0.0,1.5,-2.0,0.6209199999999999
0.6,-8,0.5,0.001,3.0,0.0,0.7896699999999999
1.0,-5,0.7,10.0,3.0,0.0,0.45176999999999995
0.6,-7,0.8,70.0,2.0,-2.0,0.77326
0.6,-10,0.5,0.0,2.5,-2.0,0.7708399999999999
0.5,-9,0.7,100.0,1.0,0.0,0.8137199999999998
0.6,-10,0.5,40.0,3.0,-0.5,0.78652
0.75,-5,1.0,100.0,3.0,-1.0,0.6286799999999999
0.5,-10,0.5,40.0,1.5,0.0,0.8094800000000001
0.5,-7,0.8,100.0,3.0,-0.5,0.84535
0.75,-5,0.8,10.0,2.0,-1.5,0.63853
0.6,-10,0.7,70.0,3.0,-0.5,0.7622000000000002
0.5,-9,0.7,10.0,3.0,-2.0,0.8006
0.6,-9,0.7,10.0,2.0,-2.0,0.7251000000000001
0.6,-5,0.7,0.0,2.5,-0.5,0.7539899999999999
0.75,-8,0.8,100.0,1.5,-1.0,0.6409900000000001
0.5,-6,0.8,40.0,2.0,-2.0,0.8376699999999999
0.5,-5,0.7,10.0,1.5,-1.5,0.8201
0.75,-5,1.0,100.0,1.5,-2.0,0.6213599999999999
0.6,-8,0.7,70.0,1.0,-1.5,0.7516299999999999
0.5,-5,0.8,70.0,1.0,-1.0,0.8101400000000002
0.6,-5,0.7,0.0,1.0,0.0,0.6874100000000001
0.75,-9,0.7,40.0,2.5,-0.5,0.58896
1.0,-8,0.7,100.0,1.0,-0.5,0.4392499999999999
0.6,-6,1.0,100.0,2.5,-2.0,0.75754
1.0,-8,0.5,40.0,2.0,0.0,0.47009
0.75,-6,0.7,0.0,1.0,-0.5,0.54325
0.75,-5,0.9,10.0,2.0,-2.0,0.62445
