X0,X1,X2,X3,X4,X5,target
0.6,-9,0.7,0.0,1.0,-2.0,0.6441
0.75,-6,1.0,100.0,2.0,-2.0,0.6236
0.6,-10,0.7,10.0,3.0,-2.0,0.7069
0.5,-8,0.7,10.0,1.5,-1.5,0.7764
0.75,-8,0.5,0.0,1.5,-0.5,0.6493
1.0,-6,0.8,0.001,3.0,0.0,0.4042
0.75,-8,0.7,100.0,1.0,0.0,0.6301
0.6,-9,0.7,40.0,2.0,-1.0,0.7204
0.6,-5,0.8,70.0,3.0,0.0,0.7825
0.6,-6,0.8,70.0,2.5,-0.5,0.7696
0.6,-5,0.7,0.0,1.5,-1.0,0.7603
0.75,-6,0.7,0.0,1.0,-1.0,0.5846
0.75,-6,0.7,0.0,1.0,0.0,0.4928
1.0,-9,0.5,10.0,3.0,-1.0,0.5158
1.0,-10,0.5,0.0,1.5,-1.5,0.4558
0.75,-6,0.7,10.0,2.5,0.0,0.5917
1.0,-9,0.7,100.0,1.0,-0.5,0.4533
0.6,-5,0.7,10.0,2.0,0.0,0.7384
0.6,-9,0.8,100.0,3.0,-1.5,0.7896
0.6,-10,0.7,70.0,2.5,-0.5,0.7368
0.5,-5,0.8,40.0,2.0,-1.0,0.8258
0.6,-9,0.7,100.0,1.5,-1.0,0.7493
1.0,-9,0.5,40.0,2.0,-0.5,0.4946
0.5,-7,0.8,100.0,1.0,-0.5,0.8104
0.75,-8,0.7,10.0,3.0,-1.0,0.5873
0.75,-6,0.8,70.0,1.5,-0.5,0.6246
1.0,-5,0.8,100.0,1.0,0.0,0.4457
0.75,-8,0.5,10.0,1.0,0.0,0.6375
0.6,-10,0.7,100.0,3.0,-1.0,0.7981
1.0,-6,0.7,0.0,2.5,-0.5,0.4052
1.0,-8,0.7,40.0,3.0,-1.5,0.4781
1.0,-10,0.7,100.0,2.5,-1.5,0.4874
0.75,-5,0.9,100.0,3.0,0.0,0.6385
0.75,-9,0.7,70.0,2.5,-1.0,0.666
0.75,-7,0.7,10.0,2.5,-2.0,0.6684
0.5,-8,0.8,70.0,3.0,-2.0,0.8518
0.5,-7,0.8,70.0,2.0,-1.5,0.8402
0.5,-8,0.7,70.0,1.0,-1.5,0.839
1.0,-5,0.8,0.0,2.5,-2.0,0.4114
0.5,-9,0.7,0.0,2.0,-2.0,0.7694
0.6,-10,0.7,10.0,1.5,-2.0,0.6645
1.0,-8,0.7,40.0,2.0,-2.0,0.4935
0.5,-5,0.7,0.0,2.0,-0.5,0.8101
0.6,-7,0.7,40.0,3.0,-1.5,0.7767
0.5,-7,0.8,100.0,2.0,-1.0,0.8604
0.75,-10,0.8,100.0,1.0,-2.0,0.596
0.5,-10,0.7,70.0,3.0,-2.0,0.8698
0.6,-6,0.8,100.0,2.0,0.0,0.7817
1.0,-10,0.7,70.0,2.0,-2.0,0.4543
1.0,-6,0.8,100.0,1.5,0.0,0.4408
1.0,-9,0.5,0.001,3.0,0.0,0.453
0.6,-7,0.7,40.0,2.0,-1.5,0.7748
0.6,-10,0.7,10.0,2.0,-2.0,0.6842
0.5,-6,0.9,100.0,2.5,-2.0,0.8605
0.75,-9,0.7,70.0,1.5,-0.5,0.5999
1.0,-5,0.9,100.0,2.0,-1.0,0.4635
1.0,-9,0.7,10.0,2.0,-2.0,0.3806
0.5,-10,0.7,70.0,1.0,-1.5,0.8099
0.6,-5,0.7,40.0,3.0,0.0,0.7987
0.5,-9,0.8,100.0,2.0,-2.0,0.8558
0.6,-9,0.5,0.0,2.5,0.0,0.779
0.5,-5,0.9,70.0,2.5,-2.0,0.8524
0.6,-10,0.5,10.0,2.5,0.0,0.7721
1.0,-8,0.5,40.0,2.5,0.0,0.489
0.75,-6,0.9,100.0,3.0,-0.5,0.6298
0.5,-10,0.5,0.0,1.0,0.0,0.7843
1.0,-5,0.8,100.0,2.5,0.0,0.4868
0.6,-10,0.5,40.0,3.0,0.0,0.7884
0.75,-9,0.7,70.0,3.0,0.0,0.606
1.0,-5,0.8,70.0,2.0,-0.5,0.4819
0.75,-8,0.9,100.0,2.0,-2.0,0.6272
0.6,-9,0.7,0.0,2.5,-2.0,0.7092
0.6,-6,0.7,0.0,3.0,-2.0,0.7481
0.6,-6,0.9,70.0,3.0,-1.5,0.7518
0.75,-6,0.9,100.0,1.5,-1.5,0.6417
0.75,-5,0.8,0.0,2.0,-2.0,0.6155
1.0,-8,0.5,0.0,1.5,-0.5,0.4689
0.6,-9,0.5,0.0,2.0,-1.5,0.6937
1.0,-10,0.5,0.0,3.0,-1.5,0.4977
0.6,-8,0.8,100.0,2.0,-1.0,0.776
1.0,-10,0.5,10.0,3.0,0.0,0.4904
1.0,-7,0.9,100.0,1.0,-2.0,0.4231
0.75,-9,0.5,10.0,1.5,-0.5,0.6613
0.6,-10,0.7,100.0,1.5,-1.5,0.7583
0.5,-9,0.7,70.0,1.5,-1.0,0.8326
0.6,-6,0.7,70.0,1.5,0.0,0.7687
0.6,-5,1.0,100.0,2.5,-1.5,0.7513
0.75,-10,0.5,40.0,1.0,-0.5,0.6318
1.0,-10,0.7,70.0,2.0,-1.0,0.4577
0.75,-8,0.7,100.0,1.5,0.0,0.6561
0.75,-7,0.8,70.0,2.0,-1.0,0.6384
0.75,-5,0.8,100.0,1.0,0.0,0.5866
1.0,-10,0.7,100.0,2.5,-2.0,0.5043
0.5,-8,0.7,100.0,2.5,0.0,0.8703
0.75,-7,0.7,0.0,1.5,-2.0,0.6454
0.6,-10,0.5,10.0,2.5,-1.5,0.7424
0.75,-5,0.7,0.0,1.5,-0.5,0.6274
0.75,-6,0.9,70.0,3.0,-1.5,0.6478
0.6,-6,0.8,40.0,3.0,-1.0,0.753
1.0,-6,0.8,70.0,2.5,-1.0,0.4925
0.6,-6,0.7,10.0,3.0,-1.5,0.7944
1.0,-6,0.8,0.0,1.5,-2.0,0.4126
1.0,-6,0.9,100.0,1.0,-1.5,0.4342
0.5,-9,0.5,0.0,2.5,-1.0,0.8674
1.0,-5,0.9,40.0,3.0,-1.5,0.4545
0.75,-9,0.7,70.0,3.0,-1.5,0.6878
0.5,-8,0.7,70.0,3.0,-0.5,0.859
1.0,-10,0.5,40.0,2.0,0.0,0.482
0.75,-7,0.9,100.0,1.0,-1.5,0.5819
0.6,-10,0.7,40.0,2.0,-1.0,0.6895
0.75,-10,0.5,10.0,2.0,-1.0,0.675
0.6,-6,0.8,10.0,2.5,-2.0,0.7496
0.75,-8,0.7,10.0,2.5,-1.5,0.619
0.75,-5,0.9,40.0,2.0,-1.5,0.6128
1.0,-8,0.8,100.0,2.5,-2.0,0.4864
0.75,-10,0.7,100.0,1.5,-0.5,0.6275
0.75,-10,0.5,10.0,3.0,-0.5,0.6767
0.6,-6,0.9,70.0,3.0,-2.0,0.7796
0.75,-7,0.7,70.0,1.0,-0.5,0.6322
0.75,-9,0.8,100.0,1.5,-1.5,0.6323
0.75,-8,0.8,70.0,1.5,-1.5,0.6111
0.75,-6,0.8,70.0,2.5,-1.0,0.672
1.0,-7,0.7,40.0,1.0,-1.5,0.4507
1.0,-9,0.5,0.0,2.5,-0.5,0.4543
0.5,-6,0.9,100.0,1.5,-2.0,0.8432
0.5,-9,0.7,100.0,2.5,0.0,0.8591
0.5,-9,0.5,10.0,1.0,-1.5,0.8058
0.75,-5,0.9,40.0,2.0,-2.0,0.6414
0.75,-9,0.7,10.0,2.5,-2.0,0.6108
0.6,-9,0.5,10.0,3.0,-0.5,0.7941
0.6,-9,0.7,10.0,3.0,-1.5,0.7108
0.6,-8,0.7,0.0,3.0,-1.0,0.6944
0.75,-8,0.5,0.0,2.0,0.0,0.6687
0.75,-7,0.8,70.0,1.0,-1.5,0.6207
1.0,-9,0.7,40.0,2.5,-1.5,0.4172
0.75,-10,0.5,40.0,2.0,0.0,0.6703
0.75,-10,0.5,0.0,1.0,-0.5,0.5882
1.0,-10,0.5,40.0,1.5,0.0,0.4773
0.6,-10,0.7,100.0,2.5,-1.0,0.7941
0.6,-5,0.8,70.0,2.0,0.0,0.7638
0.75,-8,0.7,10.0,2.5,-1.0,0.576
0.75,-7,0.7,70.0,2.0,0.0,0.6596
0.5,-8,0.7,10.0,3.0,-1.5,0.8102
0.6,-8,0.8,70.0,2.5,-2.0,0.7854
0.5,-10,0.7,100.0,2.5,-1.0,0.8705
1.0,-5,0.9,100.0,1.0,-1.0,0.432
0.6,-8,0.5,10.0,1.5,-0.5,0.7278
0.75,-7,0.7,40.0,3.0,0.0,0.6237
0.5,-5,0.7,0.0,3.0,-0.5,0.8278
0.5,-5,0.7,0.0,2.0,-1.0,0.834
0.5,-10,0.5,10.0,3.0,-1.5,0.8601
0.5,-5,0.7,0.0,1.5,-0.5,0.7946
0.75,-10,0.7,70.0,2.0,-2.0,0.6738
1.0,-5,0.9,40.0,1.5,-2.0,0.4437
1.0,-9,0.5,0.0,2.5,-1.0,0.4937
0.5,-5,0.8,70.0,1.0,-0.5,0.8123
0.75,-6,0.7,70.0,1.0,0.0,0.6237
0.5,-5,0.7,10.0,2.5,0.0,0.8123
0.5,-8,0.7,10.0,2.5,-1.0,0.7787
0.5,-8,0.7,40.0,2.5,-0.5,0.8082
0.5,-9,0.7,100.0,3.0,-1.0,0.854
0.75,-10,0.7,100.0,1.5,0.0,0.5924
0.5,-10,0.7,70.0,1.5,-1.5,0.8315
1.0,-8,0.7,70.0,2.5,-1.5,0.4987
1.0,-8,0.7,40.0,1.5,-0.5,0.4092
0.75,-8,0.7,10.0,2.0,-2.0,0.6448
0.5,-7,0.7,40.0,2.5,-0.5,0.8299
0.6,-10,0.5,10.0,2.0,-1.5,0.7492
0.6,-9,0.7,70.0,1.0,-2.0,0.7455
0.6,-7,0.7,0.0,2.0,-1.0,0.7065
0.6,-7,0.7,70.0,2.0,-0.5,0.784
1.0,-10,0.5,0.0,1.5,-2.0,0.4866
1.0,-8,0.8,70.0,1.0,-2.0,0.4081
0.75,-7,0.5,0.0,1.0,-0.5,0.5313
0.6,-8,0.7,40.0,2.0,-1.0,0.7529
1.0,-8,0.7,70.0,3.0,0.0,0.4736
0.75,-6,0.7,10.0,2.5,-0.5,0.6363
0.75,-7,0.8,100.0,2.0,-0.5,0.6599
0.5,-7,0.7,40.0,3.0,-1.0,0.8569
0.6,-6,0.8,70.0,1.5,-0.5,0.7423
0.75,-6,0.7,10.0,1.5,-0.5,0.6009
0.75,-6,0.7,40.0,2.5,-0.5,0.6786
0.5,-7,0.5,0.0,3.0,-0.5,0.8058
1.0,-9,0.5,0.0,1.5,0.0,0.4345
0.5,-9,0.7,100.0,1.5,-0.5,0.8567
1.0,-9,0.7,0.0,2.0,-2.0,0.3655
0.5,-6,0.8,70.0,1.0,-1.5,0.8302
0.5,-10,0.7,40.0,1.0,-2.0,0.776
0.5,-8,0.5,10.0,1.5,-0.5,0.8496
0.6,-7,0.7,70.0,2.5,-0.5,0.7877
0.6,-6,0.7,10.0,1.5,0.0,0.681
0.6,-9,0.7,100.0,3.0,0.0,0.7973
0.6,-10,0.8,100.0,3.0,-2.0,0.7868
0.75,-8,0.5,0.0,2.5,-0.5,0.6511
0.75,-6,0.8,40.0,2.0,-1.0,0.6213
1.0,-10,0.5,40.0,2.0,-0.5,0.4776
0.75,-10,0.7,40.0,2.0,-1.0,0.543
0.5,-8,0.7,40.0,3.0,0.0,0.7955
0.75,-10,0.5,0.0,2.0,-1.0,0.6644
1.0,-6,0.8,40.0,3.0,-1.5,0.4924
0.5,-9,0.5,0.0,1.0,0.0,0.8069
0.6,-9,0.5,10.0,1.0,0.0,0.7489
0.6,-8,0.5,10.0,2.0,-0.5,0.7168
0.5,-8,0.5,0.0,2.5,-0.5,0.8683
1.0,-7,0.7,70.0,2.5,-0.5,0.4922
0.6,-5,0.8,10.0,2.5,-2.0,0.7687
0.6,-7,0.7,10.0,1.5,-1.5,0.7418
0.5,-7,0.7,10.0,1.5,-0.5,0.7544
0.5,-10,0.5,10.0,2.5,-0.5,0.8584
1.0,-9,0.5,10.0,1.5,-0.5,0.4448
0.6,-10,0.7,70.0,1.0,-2.0,0.7556
0.6,-7,0.8,100.0,1.5,-1.0,0.7749
0.6,-7,0.7,70.0,3.0,-0.5,0.7904
1.0,-5,1.0,100.0,1.5,-1.5,0.4272
0.75,-7,0.7,40.0,1.5,-1.5,0.6163
0.6,-8,0.7,100.0,2.5,0.0,0.7924
0.5,-10,0.7,70.0,1.0,-0.5,0.766
1.0,-10,0.5,70.0,1.0,0.0,0.4858
1.0,-5,0.8,40.0,2.0,-1.0,0.477
0.75,-8,0.8,100.0,2.0,-0.5,0.6196
0.75,-6,0.7,40.0,1.5,-0.5,0.6539
0.5,-9,0.7,10.0,1.5,-2.0,0.7741
0.75,-8,0.5,10.0,1.5,0.0,0.6607
0.6,-7,0.8,100.0,2.0,-0.5,0.7788
0.75,-9,0.7,70.0,1.0,-0.5,0.5681
1.0,-6,0.8,70.0,1.0,-1.0,0.4306
0.5,-5,0.8,40.0,1.0,-1.5,0.8102
0.75,-10,0.7,70.0,1.5,-1.5,0.6315
0.5,-10,0.5,0.0,3.0,-1.0,0.8624
0.75,-6,0.7,0.0,1.5,-1.0,0.6194
0.6,-10,0.7,100.0,3.0,-0.5,0.7969
0.6,-5,0.7,40.0,2.0,0.0,0.7842
1.0,-7,0.7,10.0,2.5,-1.0,0.4134
0.75,-6,0.7,40.0,1.5,0.0,0.6253
0.6,-8,0.5,0.0,1.0,0.0,0.7509
0.6,-9,0.7,70.0,1.0,-1.5,0.7569
0.75,-9,0.5,40.0,1.0,-0.5,0.5481
0.5,-6,0.8,100.0,2.0,0.0,0.8461
0.6,-8,0.7,40.0,2.0,-1.5,0.778
0.5,-8,0.7,70.0,1.5,-1.0,0.8498
0.5,-9,0.5,10.0,3.0,-1.0,0.8562
0.6,-6,0.7,0.0,2.0,-1.5,0.7722
0.75,-5,0.9,40.0,2.5,-2.0,0.6516
0.6,-10,0.5,10.0,2.5,-0.5,0.7936
0.5,-10,0.5,10.0,3.0,-0.5,0.8641
1.0,-6,0.7,40.0,3.0,-1.0,0.4507
1.0,-5,0.9,10.0,1.5,-2.0,0.3966
0.75,-8,0.8,100.0,1.5,-1.5,0.6569
0.5,-9,0.5,10.0,2.5,-0.5,0.8671
0.75,-7,0.8,70.0,1.0,-1.0,0.5846
0.75,-10,0.5,10.0,1.0,-2.0,0.545
1.0,-6,0.8,100.0,2.0,-0.5,0.4882
0.5,-5,0.8,40.0,2.5,-1.0,0.8357
0.75,-7,0.7,0.0,2.5,-1.0,0.6038
1.0,-8,0.8,70.0,3.0,-2.0,0.4812
0.5,-10,0.7,70.0,1.5,-0.5,0.7911
0.6,-7,0.7,10.0,2.5,-1.5,0.768
0.5,-10,0.7,70.0,3.0,-1.5,0.8561
0.5,-5,0.9,100.0,3.0,-1.0,0.8605
0.5,-8,0.7,40.0,2.5,-1.5,0.8475
0.6,-8,0.7,10.0,1.0,-2.0,0.7069
0.6,-8,0.7,100.0,1.0,-0.5,0.7381
0.75,-8,0.7,70.0,1.5,0.0,0.6036
1.0,-8,0.5,0.0,1.5,-1.0,0.4713
0.6,-6,0.7,10.0,1.0,-2.0,0.6882
1.0,-7,0.7,70.0,3.0,-1.0,0.4667
0.6,-9,0.5,10.0,2.5,-0.5,0.7917
0.75,-7,0.7,40.0,1.5,0.0,0.5777
0.5,-9,0.5,0.0,1.5,-0.5,0.8419
0.6,-8,0.8,100.0,3.0,-0.5,0.7703
0.6,-9,0.7,100.0,1.5,-0.5,0.7789
0.6,-8,0.8,100.0,1.0,-1.5,0.756
0.5,-9,0.5,0.0,3.0,-1.5,0.8425
0.5,-9,0.7,10.0,1.0,-2.0,0.7474
0.6,-8,0.7,40.0,2.5,-2.0,0.7912
1.0,-10,0.5,40.0,3.0,-0.5,0.4963
0.75,-7,0.7,10.0,2.5,0.0,0.5412
0.6,-7,0.9,100.0,3.0,-2.0,0.7917
0.75,-8,0.5,0.0,1.0,-1.0,0.5611
0.6,-9,0.7,70.0,1.0,-1.0,0.7384
0.6,-7,0.7,40.0,3.0,-0.5,0.7745
0.75,-7,0.7,0.0,1.5,-1.0,0.5669
0.5,-8,0.7,70.0,1.0,-1.0,0.8305
0.5,-5,0.9,70.0,1.5,-2.0,0.8315
1.0,-5,0.9,0.0,3.0,-2.0,0.4224
0.5,-6,0.7,10.0,3.0,-2.0,0.8661
0.75,-5,0.7,10.0,1.0,0.0,0.5747
0.5,-8,0.5,10.0,1.0,-1.0,0.7927
0.75,-8,0.7,0.0,3.0,-1.5,0.606
0.5,-10,0.7,100.0,1.5,-1.5,0.8568
1.0,-7,0.8,100.0,1.5,-1.5,0.4468
0.6,-7,0.8,100.0,2.0,0.0,0.7541
0.75,-5,0.7,0.0,3.0,-1.0,0.6306
0.75,-8,0.7,0.0,1.0,-2.0,0.5676
1.0,-9,0.5,10.0,1.0,-1.5,0.4488
0.6,-9,0.7,70.0,3.0,-1.5,0.7994
1.0,-6,0.7,10.0,2.5,-0.5,0.4256
0.5,-6,0.9,70.0,3.0,-2.0,0.8368
1.0,-9,0.7,70.0,1.0,-1.0,0.4128
1.0,-6,0.7,0.0,1.5,-1.0,0.4196
1.0,-5,0.7,40.0,1.5,0.0,0.4644
0.75,-7,0.7,70.0,1.5,0.0,0.6414
0.6,-5,0.7,10.0,1.0,-0.5,0.7266
1.0,-10,0.7,70.0,2.0,-1.5,0.4314
0.5,-9,0.5,10.0,2.5,0.0,0.86
0.6,-10,0.5,0.0,1.0,-1.0,0.7505
0.5,-6,0.7,0.0,2.0,-1.5,0.8288
1.0,-5,0.8,100.0,1.5,0.0,0.4676
1.0,-9,0.5,40.0,1.0,-1.0,0.4194
0.75,-10,0.7,100.0,1.0,0.0,0.56
1.0,-9,0.5,40.0,3.0,0.0,0.5003
0.75,-7,0.7,40.0,2.0,-0.5,0.6393
1.0,-8,0.8,70.0,3.0,-0.5,0.4622
0.75,-10,0.7,100.0,2.0,-0.5,0.6457
0.75,-7,0.7,0.0,3.0,-1.5,0.6559
0.6,-9,0.7,70.0,3.0,-0.5,0.7725
0.75,-8,0.7,70.0,1.0,-1.5,0.591
0.6,-10,0.7,100.0,2.0,0.0,0.7582
0.75,-7,0.7,0.0,2.5,-1.5,0.6457
0.6,-10,0.5,10.0,1.5,-1.5,0.7549
0.75,-8,0.7,70.0,2.0,-1.0,0.6713
0.6,-9,0.7,40.0,3.0,-0.5,0.7149
0.75,-9,0.7,100.0,2.0,-0.5,0.6707
0.6,-8,0.7,10.0,3.0,-2.0,0.7707
0.6,-8,0.7,40.0,1.0,-2.0,0.7566
0.6,-5,0.8,100.0,2.0,0.0,0.7363
0.5,-7,0.7,70.0,1.0,-1.0,0.8363
1.0,-5,0.7,40.0,1.0,0.0,0.4355
0.75,-10,0.7,40.0,2.0,-1.5,0.582
0.5,-7,0.7,40.0,1.5,-1.0,0.8294
1.0,-7,0.7,40.0,2.5,-1.0,0.478
0.5,-10,0.7,100.0,2.5,0.0,0.8444
0.5,-9,0.7,10.0,3.0,-1.5,0.7834
0.75,-9,0.7,10.0,1.5,-2.0,0.5749
0.75,-7,0.7,40.0,2.0,0.0,0.5985
0.75,-9,0.5,0.0,1.5,-1.5,0.5669
0.6,-6,0.8,40.0,2.0,-2.0,0.7746
0.75,-9,0.8,100.0,1.0,-2.0,0.6314
1.0,-9,0.7,70.0,2.0,-1.5,0.4626
0.75,-9,0.7,70.0,1.5,-1.5,0.6597
0.75,-7,0.9,100.0,1.5,-1.5,0.6156
0.6,-5,0.8,0.0,2.0,-1.5,0.7276
0.5,-7,0.8,70.0,2.5,-2.0,0.8658
0.6,-7,0.7,0.0,1.5,-2.0,0.752
0.5,-5,0.8,10.0,1.5,-2.0,0.8123
1.0,-8,0.7,40.0,2.0,-1.0,0.4151
1.0,-6,0.8,40.0,2.5,-2.0,0.4322
0.75,-8,0.9,100.0,3.0,-2.0,0.652
0.5,-7,0.7,40.0,1.5,-0.5,0.8069
1.0,-7,0.7,0.0,3.0,-1.5,0.4522
1.0,-7,0.7,70.0,1.0,-1.0,0.4498
0.75,-8,0.7,40.0,2.5,-0.5,0.607
1.0,-9,0.5,10.0,3.0,-1.5,0.4306
0.75,-5,0.7,40.0,2.5,0.0,0.6628
0.6,-8,0.5,0.0,1.5,-0.5,0.7726
0.6,-10,0.7,100.0,2.0,-1.0,0.7883
0.6,-6,0.7,40.0,1.0,-0.5,0.7436
0.75,-5,0.8,10.0,2.5,-1.5,0.6609
1.0,-6,0.7,0.0,2.5,-1.0,0.4547
0.5,-10,0.7,40.0,2.5,-1.0,0.7845
0.75,-6,0.9,70.0,2.5,-1.5,0.637
0.75,-10,0.7,70.0,3.0,-2.0,0.6895
1.0,-7,0.7,40.0,2.0,0.0,0.4228
0.6,-6,0.7,0.0,3.0,-0.5,0.7341
1.0,-9,0.7,70.0,2.5,-0.5,0.4661
0.75,-5,0.9,100.0,3.0,-0.5,0.6756
1.0,-7,0.8,40.0,2.0,-2.0,0.4534
0.75,-7,0.8,70.0,3.0,-1.0,0.6627
0.75,-8,0.7,40.0,2.5,-2.0,0.649
0.75,-8,0.5,0.0,1.0,-0.5,0.6343
0.75,-8,0.8,100.0,2.5,-0.5,0.6334
0.5,-10,0.5,40.0,2.5,0.0,0.8713
0.5,-6,0.8,70.0,1.5,-1.5,0.8489
0.75,-5,0.8,40.0,3.0,-0.5,0.6558
1.0,-7,0.5,0.0,2.0,-0.5,0.4451
0.75,-5,0.8,40.0,1.5,-1.0,0.6409
0.6,-10,0.7,100.0,1.0,-1.0,0.7584
0.75,-8,0.5,10.0,3.0,-0.5,0.5483
1.0,-8,0.5,0.0,2.0,-1.0,0.4753
0.6,-5,0.8,70.0,2.5,0.0,0.7745
0.75,-7,0.8,40.0,1.0,-2.0,0.5973
1.0,-8,0.7,40.0,1.5,-1.0,0.4018
0.75,-5,0.7,10.0,3.0,0.0,0.6549
0.6,-6,0.7,10.0,2.0,-1.0,0.7627
0.6,-8,0.7,0.0,1.5,-1.5,0.6822
1.0,-9,0.7,40.0,1.5,-1.5,0.3952
0.75,-8,0.7,70.0,2.5,-1.0,0.6776
0.75,-9,0.7,0.0,1.0,-2.0,0.5141
0.75,-8,0.7,40.0,3.0,-0.5,0.6177
1.0,-7,0.7,40.0,1.0,-1.0,0.4162
1.0,-8,0.7,70.0,2.5,-1.0,0.484
0.75,-6,0.7,0.0,1.5,0.0,0.5293
0.75,-6,0.8,70.0,2.0,-0.5,0.645
0.6,-5,0.9,100.0,3.0,-1.0,0.7816
0.6,-5,0.7,10.0,1.0,-1.0,0.7379
0.6,-6,0.9,70.0,1.0,-2.0,0.7142
0.75,-5,0.7,10.0,2.5,0.0,0.6445
1.0,-10,0.5,10.0,2.5,-1.5,0.5045
0.6,-5,1.0,100.0,3.0,-2.0,0.7782
1.0,-8,0.8,100.0,3.0,0.0,0.5131
0.6,-10,0.5,0.0,2.5,-1.5,0.7886
0.75,-5,0.9,70.0,3.0,-1.5,0.6426
0.75,-10,0.5,40.0,1.5,-1.0,0.5366
0.6,-7,0.8,70.0,3.0,-2.0,0.7659
0.5,-10,0.5,0.0,1.5,-1.5,0.8522
0.6,-6,0.9,100.0,1.0,-2.0,0.7032
0.75,-8,0.7,40.0,2.5,-1.5,0.6765
1.0,-9,0.7,100.0,2.0,-1.0,0.4821
1.0,-7,0.5,0.0,1.0,0.0,0.4477
0.6,-5,0.8,10.0,2.0,-2.0,0.7613
0.75,-5,0.8,70.0,1.5,0.0,0.6318
0.5,-5,0.8,0.0,2.5,-2.0,0.8237
0.5,-8,0.8,100.0,1.5,-1.0,0.8292
0.5,-9,0.5,10.0,1.5,-0.5,0.8506
0.6,-5,0.7,0.0,1.0,-1.5,0.6905
1.0,-9,0.5,10.0,1.0,-2.0,0.3486
0.6,-5,0.9,100.0,1.5,-1.0,0.7613
0.75,-10,0.7,100.0,1.5,-1.5,0.6477
1.0,-7,0.8,70.0,2.0,-1.5,0.4683
0.75,-6,0.8,70.0,1.0,-0.5,0.5912
0.6,-7,0.8,100.0,3.0,-0.5,0.7953
0.75,-5,0.9,40.0,1.5,-2.0,0.6245
0.6,-9,0.7,10.0,2.5,-1.5,0.7012
0.5,-7,0.7,40.0,3.0,-1.5,0.8687
0.5,-8,0.5,10.0,2.5,0.0,0.8687
0.6,-7,0.7,40.0,1.5,-0.5,0.7401
0.75,-7,0.8,40.0,2.0,-2.0,0.6502
0.5,-8,0.7,40.0,3.0,-2.0,0.8672
1.0,-7,0.7,0.0,1.5,-1.0,0.3688
0.5,-5,0.7,10.0,3.0,-1.0,0.8603
0.75,-9,0.8,100.0,3.0,-1.5,0.6736
1.0,-6,0.7,10.0,2.0,0.0,0.3926
0.6,-9,0.7,70.0,2.0,-2.0,0.7449
0.6,-5,0.8,40.0,2.5,-1.0,0.7773
1.0,-10,0.5,10.0,1.5,-2.0,0.4717
1.0,-8,0.5,0.0,3.0,-0.5,0.509
0.5,-7,0.7,100.0,1.0,0.0,0.8368
1.0,-10,0.5,10.0,3.0,-1.5,0.5132
0.5,-8,0.8,100.0,2.0,-1.5,0.8578
0.75,-9,0.8,100.0,2.5,-1.5,0.6641
0.5,-6,0.8,70.0,2.5,-1.5,0.8649
0.5,-6,0.5,0.0,1.0,0.0,0.809
0.6,-8,0.7,70.0,1.0,-0.5,0.7397
1.0,-8,0.7,10.0,1.5,-2.0,0.4153
0.6,-6,0.7,0.0,1.0,-1.5,0.73
0.6,-7,0.7,0.0,1.0,-1.5,0.6907
0.75,-6,0.7,10.0,2.5,-1.5,0.6218
0.6,-7,0.7,0.0,3.0,-0.5,0.6996
0.5,-5,0.7,70.0,1.0,0.0,0.8056
0.5,-8,0.7,0.0,1.5,-2.0,0.7809
0.75,-7,0.8,100.0,2.0,0.0,0.6249
1.0,-9,0.5,40.0,1.0,-0.5,0.4651
0.5,-7,0.7,40.0,2.0,-1.0,0.8416
0.6,-8,0.5,0.0,2.5,0.0,0.7958
1.0,-10,0.7,100.0,1.0,-1.0,0.4514
0.5,-10,0.5,10.0,1.0,-2.0,0.8179
0.75,-10,0.5,0.0,2.5,0.0,0.616
0.6,-10,0.5,0.0,2.5,0.0,0.7546
0.6,-7,0.7,10.0,2.0,-0.5,0.6962
1.0,-6,0.8,100.0,3.0,-0.5,0.508
1.0,-8,0.7,10.0,2.0,-1.5,0.3903
1.0,-6,0.8,100.0,3.0,0.0,0.4733
0.75,-10,0.7,70.0,2.0,-1.5,0.6508
0.6,-8,0.5,0.0,2.0,0.0,0.787
0.5,-6,0.8,70.0,2.0,-1.0,0.8443
0.75,-8,0.8,70.0,2.0,-2.0,0.6634
1.0,-8,0.5,70.0,1.0,0.0,0.3535
1.0,-6,0.7,40.0,3.0,0.0,0.4521
0.6,-5,0.8,70.0,1.5,-0.5,0.7673
0.75,-9,0.7,100.0,1.5,-0.5,0.655
0.6,-10,0.7,10.0,2.5,-2.0,0.6975
0.6,-9,0.5,10.0,1.0,-0.5,0.7597
0.6,-10,0.7,100.0,2.5,-0.5,0.79
0.5,-7,0.7,70.0,1.0,0.0,0.8161
0.5,-7,0.7,10.0,2.5,-0.5,0.7823
1.0,-10,0.7,100.0,2.0,-2.0,0.4973
0.75,-5,0.7,10.0,2.0,-0.5,0.662
0.75,-10,0.5,10.0,1.0,-0.5,0.6064
0.5,-10,0.7,70.0,2.0,-1.5,0.8428
0.6,-8,0.8,100.0,3.0,-1.0,0.7924
0.5,-7,0.5,0.0,1.5,0.0,0.8544
0.5,-10,0.7,40.0,2.0,-2.0,0.8131
1.0,-6,0.9,100.0,2.0,-1.0,0.4388
0.6,-5,0.7,10.0,3.0,0.0,0.7592
1.0,-6,0.7,0.0,2.0,-0.5,0.3935
0.5,-7,0.8,100.0,1.5,-1.0,0.8496
0.5,-8,0.8,100.0,2.5,-1.5,0.8657
0.75,-7,0.8,100.0,2.0,-1.0,0.6545
0.5,-7,0.7,0.0,1.0,-1.5,0.7586
0.75,-7,0.8,100.0,1.5,-0.5,0.6412
1.0,-5,0.9,40.0,2.0,-1.5,0.4282
0.75,-8,0.9,100.0,2.5,-2.0,0.6414
0.75,-7,0.8,40.0,3.0,-2.0,0.6727
0.6,-9,0.5,0.0,1.5,-0.5,0.7739
0.75,-9,0.5,0.0,1.0,-0.5,0.6209
0.5,-6,0.7,0.0,2.5,-1.5,0.8384
0.5,-8,0.7,70.0,1.5,-1.5,0.8514
0.75,-5,1.0,100.0,2.5,-1.5,0.6502
0.5,-8,0.5,10.0,2.0,0.0,0.8624
0.5,-9,0.5,40.0,3.0,0.0,0.8283
0.6,-7,0.7,40.0,2.5,-1.0,0.7908
0.75,-7,0.5,0.0,1.5,0.0,0.6362
0.6,-7,0.7,40.0,2.5,-0.5,0.7674
0.75,-9,0.7,40.0,2.0,-0.5,0.5472
0.6,-5,0.8,40.0,1.5,-1.5,0.7322
0.5,-6,0.8,70.0,3.0,-1.0,0.8589
0.75,-7,0.8,70.0,1.5,-1.0,0.618
0.75,-8,0.7,0.0,1.5,-1.5,0.558
0.6,-5,0.7,0.0,3.0,-1.0,0.7911
0.5,-10,0.7,100.0,1.5,-1.0,0.8556
1.0,-5,0.8,70.0,3.0,-0.5,0.4995
1.0,-7,0.7,70.0,2.5,0.0,0.4573
0.5,-5,0.8,40.0,2.5,-1.5,0.8546
0.6,-6,0.7,10.0,3.0,-0.5,0.7534
0.6,-9,0.7,0.0,2.5,-1.5,0.6792
0.5,-8,0.7,100.0,1.5,-0.5,0.8475
0.6,-8,0.7,40.0,1.5,-1.0,0.7367
0.75,-5,0.9,100.0,1.0,-0.5,0.5999
1.0,-7,0.7,40.0,2.5,-0.5,0.4337
0.6,-5,0.7,40.0,1.0,0.0,0.7475
1.0,-5,0.7,0.0,1.5,0.0,0.3888
0.75,-9,0.8,100.0,1.5,-2.0,0.6585
1.0,-10,0.5,0.0,2.0,-0.5,0.4377
0.75,-5,0.8,40.0,2.0,-0.5,0.6309
1.0,-5,0.8,10.0,2.0,-1.5,0.4694
0.5,-8,0.5,0.0,1.0,0.0,0.8242
1.0,-10,0.5,10.0,1.5,-1.0,0.439
1.0,-5,0.8,10.0,2.5,-1.5,0.4828
1.0,-6,0.9,70.0,2.0,-2.0,0.4726
1.0,-6,0.7,10.0,2.5,-1.5,0.4793
1.0,-6,0.7,10.0,2.0,-1.0,0.4614
0.75,-8,0.7,40.0,1.0,-1.5,0.6159
1.0,-8,0.7,70.0,1.5,-1.5,0.4795
0.75,-6,0.7,40.0,2.5,0.0,0.6593
0.5,-5,0.7,10.0,2.5,-0.5,0.8361
1.0,-10,0.5,0.0,2.0,0.0,0.4815
0.5,-10,0.5,10.0,2.5,-1.5,0.8595
0.6,-8,0.7,10.0,1.0,-1.0,0.6386
0.6,-8,0.5,10.0,1.5,0.0,0.7775
1.0,-9,0.7,40.0,2.5,-1.0,0.4239
0.5,-5,1.0,100.0,1.5,-2.0,0.8103
0.6,-10,0.7,70.0,1.5,-2.0,0.7781
0.6,-6,0.5,0.0,1.0,0.0,0.6488
0.75,-10,0.8,100.0,2.5,-2.0,0.6594
0.5,-10,0.5,10.0,2.0,0.0,0.8341
0.6,-8,0.8,70.0,2.0,-2.0,0.7749
0.75,-6,0.8,100.0,2.0,-0.5,0.6223
0.75,-5,1.0,100.0,1.0,-2.0,0.576
1.0,-7,0.8,70.0,1.0,-1.5,0.4194
0.6,-5,0.7,0.001,3.0,0.0,0.7403
0.75,-8,0.8,100.0,1.0,-2.0,0.5798
0.5,-6,0.8,100.0,1.0,0.0,0.8126
0.75,-8,0.5,10.0,1.0,-0.5,0.6053
0.6,-10,0.7,40.0,1.5,-1.5,0.6989
0.6,-9,0.7,100.0,2.5,0.0,0.7908
0.75,-5,0.9,40.0,1.0,-2.0,0.5935
0.6,-8,0.9,100.0,1.5,-2.0,0.7288
0.5,-9,0.7,70.0,1.0,-0.5,0.7893
0.6,-8,0.7,100.0,1.0,0.0,0.7606
0.5,-7,0.8,100.0,1.5,-0.5,0.832
0.6,-9,0.5,10.0,2.0,0.0,0.7832
0.6,-6,0.7,0.0,1.0,-0.5,0.6611
0.75,-10,0.7,70.0,2.5,-1.0,0.6291
0.5,-7,0.7,10.0,3.0,-2.0,0.8546
0.6,-8,0.5,0.0,1.0,-0.5,0.7603
0.6,-9,0.7,40.0,1.0,-1.0,0.6716
0.75,-7,0.8,70.0,2.0,-1.5,0.6676
0.5,-6,0.7,10.0,3.0,-1.5,0.8582
1.0,-8,0.7,0.0,2.5,-2.0,0.427
0.75,-8,0.7,40.0,2.0,-1.5,0.6648
0.5,-6,0.7,40.0,2.0,0.0,0.824
0.6,-5,1.0,70.0,2.5,-2.0,0.7284
1.0,-6,0.7,70.0,1.5,-0.5,0.4335
0.6,-6,0.8,100.0,2.5,-0.5,0.7693
0.5,-7,0.8,100.0,3.0,-1.0,0.8716
0.5,-9,0.5,0.0,2.5,-0.5,0.8594
1.0,-9,0.5,10.0,2.0,-1.0,0.4966
0.75,-10,0.7,100.0,1.0,-1.0,0.6262
0.6,-7,0.8,70.0,2.5,-1.0,0.7649
0.75,-7,0.8,100.0,2.5,0.0,0.6386
0.75,-10,0.5,0.0,1.5,-0.5,0.6193
0.5,-9,0.7,70.0,1.5,-1.5,0.8472
0.6,-9,0.7,40.0,1.5,-0.5,0.672
0.5,-7,0.7,70.0,2.5,0.0,0.854
0.5,-10,0.5,0.0,1.0,-1.0,0.8213
0.5,-6,0.7,70.0,2.5,0.0,0.8691
0.6,-8,0.7,100.0,2.0,0.0,0.7873
0.75,-7,0.8,40.0,2.5,-1.5,0.6268
0.5,-6,0.7,40.0,1.0,-0.5,0.8094
1.0,-7,0.8,100.0,1.0,-1.5,0.4384
0.75,-5,0.9,70.0,1.0,-1.0,0.5769
0.5,-9,0.7,100.0,3.0,0.0,0.8643
0.5,-7,0.5,0.0,1.0,0.0,0.8389
0.5,-5,0.8,40.0,3.0,-1.0,0.843
1.0,-5,0.7,0.001,3.0,0.0,0.4277
1.0,-8,0.8,100.0,1.5,-2.0,0.4733
0.6,-9,0.7,40.0,1.0,-2.0,0.7338
0.5,-7,0.8,100.0,2.0,-0.5,0.8434
0.5,-9,0.8,100.0,1.5,-1.5,0.8271
0.75,-6,0.8,70.0,1.0,-1.0,0.6233
1.0,-10,0.5,0.0,1.0,-0.5,0.4228
0.5,-6,0.8,100.0,3.0,-0.5,0.8733
0.75,-7,0.7,40.0,1.0,0.0,0.5441
0.5,-9,0.5,0.0,1.5,-1.0,0.8547
1.0,-9,0.5,0.0,1.0,-0.5,0.4103
1.0,-5,0.9,70.0,1.0,-1.0,0.391
0.75,-6,0.7,70.0,2.5,0.0,0.6383
1.0,-8,0.7,100.0,2.5,-0.5,0.4989
1.0,-7,0.9,100.0,2.5,-2.0,0.4865
0.5,-7,0.7,70.0,1.0,-0.5,0.8326
0.6,-5,0.9,40.0,2.0,-2.0,0.7476
1.0,-6,0.7,40.0,2.5,-0.5,0.488
0.5,-10,0.7,70.0,2.0,0.0,0.788
0.5,-5,0.7,10.0,2.5,-1.0,0.8544
0.75,-7,0.7,10.0,3.0,-1.5,0.6743
0.5,-5,0.7,0.0,2.5,0.0,0.7978
1.0,-5,0.9,100.0,1.5,-0.5,0.434
0.6,-9,0.7,70.0,2.5,-0.5,0.7648
0.6,-9,0.5,10.0,1.5,0.0,0.77
0.75,-5,0.9,100.0,1.5,-1.0,0.6022
0.5,-8,0.7,40.0,2.0,-2.0,0.8548
1.0,-8,0.5,0.0,2.5,-1.0,0.4743
1.0,-5,0.7,10.0,1.0,0.0,0.3812
0.5,-5,0.9,100.0,2.0,-0.5,0.8245
0.6,-6,0.8,70.0,2.5,-1.0,0.7902
0.75,-5,0.9,100.0,1.5,-0.5,0.6331
0.5,-5,1.0,100.0,2.0,-2.0,0.8256
0.75,-10,0.5,40.0,3.0,-0.5,0.6262
1.0,-5,0.8,70.0,1.5,-0.5,0.4655
0.6,-6,0.8,40.0,1.0,-1.5,0.716
0.6,-7,0.7,0.0,2.0,-1.5,0.7386
0.75,-8,0.7,70.0,1.5,-0.5,0.6377
0.75,-6,1.0,100.0,1.5,-2.0,0.6019
0.6,-5,0.8,70.0,1.0,-0.5,0.7434
0.5,-9,0.5,10.0,1.0,-0.5,0.8334
0.6,-7,0.8,100.0,2.5,-1.0,0.7873
1.0,-9,0.7,40.0,2.0,-2.0,0.4429
0.6,-9,0.5,0.0,1.0,-1.5,0.7237
0.6,-10,0.7,70.0,2.0,-0.5,0.7244
0.75,-6,0.7,10.0,3.0,-0.5,0.6469
0.75,-9,0.7,40.0,3.0,-2.0,0.6817
0.5,-6,0.8,70.0,1.0,-2.0,0.7885
1.0,-10,0.5,0.0,3.0,-2.0,0.5131
0.5,-8,0.8,70.0,1.5,-2.0,0.8229
1.0,-10,0.7,100.0,1.5,-1.5,0.4609
0.5,-9,0.5,10.0,1.0,0.0,0.8188
0.75,-10,0.5,0.0,1.5,0.0,0.5836
0.6,-6,0.8,70.0,1.5,-1.0,0.7669
0.6,-10,0.5,0.0,3.0,-0.5,0.7835
0.75,-6,0.9,100.0,2.0,-1.0,0.6449
0.6,-7,0.5,0.0,2.0,0.0,0.7664
0.75,-9,0.8,100.0,2.0,-1.5,0.6506
0.6,-10,0.7,40.0,1.5,-2.0,0.7281
0.5,-10,0.5,10.0,2.0,-1.0,0.8598
0.75,-8,0.8,70.0,2.0,-1.5,0.6314
0.6,-9,0.7,70.0,1.5,-0.5,0.7377
0.6,-5,0.7,0.0,2.5,-1.0,0.7845
0.6,-5,0.9,70.0,1.0,-2.0,0.6867
0.6,-5,0.8,10.0,1.0,-1.5,0.6969
0.75,-5,0.7,0.0,1.0,-0.5,0.5933
1.0,-10,0.7,100.0,1.0,-2.0,0.4627
0.75,-10,0.7,40.0,1.0,-2.0,0.5688
1.0,-10,0.5,40.0,3.0,-1.0,0.511
1.0,-8,0.8,70.0,2.5,-2.0,0.4705
0.6,-9,0.8,100.0,1.0,-2.0,0.7548
0.75,-5,0.7,10.0,1.0,-1.0,0.5709
1.0,-9,0.7,40.0,2.0,-1.5,0.4075
0.5,-7,0.8,70.0,1.5,-2.0,0.8449
1.0,-9,0.7,70.0,2.5,-1.5,0.4757
0.75,-10,0.8,100.0,2.0,-2.0,0.6463
1.0,-5,0.8,70.0,2.5,-0.5,0.4924
0.5,-8,0.7,40.0,3.0,-1.5,0.8533
0.6,-6,0.7,70.0,1.0,0.0,0.7541
0.75,-7,0.7,40.0,2.0,-1.0,0.6688
0.6,-5,0.7,10.0,2.5,-1.0,0.7683
0.5,-10,0.5,10.0,2.5,0.0,0.8419
0.75,-10,0.5,10.0,2.0,0.0,0.6249
0.6,-10,0.5,10.0,2.0,0.0,0.7621
0.6,-5,0.7,0.0,1.5,-0.5,0.7346
0.6,-6,0.7,40.0,1.5,0.0,0.7452
1.0,-9,0.5,0.0,1.5,-0.5,0.4283
0.6,-8,0.7,40.0,3.0,-1.0,0.7712
0.6,-8,0.7,70.0,1.0,-1.0,0.7586
0.6,-9,0.7,70.0,2.0,-1.0,0.7775
0.75,-5,1.0,100.0,1.0,-1.5,0.5793
0.6,-8,0.5,10.0,3.0,-0.5,0.688
0.6,-9,0.5,0.0,2.0,-1.0,0.7816
0.75,-7,0.8,70.0,1.0,-2.0,0.5955
1.0,-7,0.7,40.0,1.0,0.0,0.3979
0.6,-6,0.8,40.0,3.0,-1.5,0.7802
0.6,-7,0.5,0.0,1.0,0.0,0.7539
0.5,-6,0.9,70.0,1.5,-2.0,0.8041
0.75,-6,0.8,0.0,1.0,-2.0,0.561
1.0,-6,0.5,0.0,2.0,0.0,0.4005
0.5,-8,0.5,10.0,2.0,-0.5,0.8521
0.5,-8,0.5,10.0,2.5,-0.5,0.8521
0.5,-8,0.7,0.0,3.0,-2.0,0.8147
0.6,-9,0.8,100.0,1.5,-2.0,0.7766
0.6,-5,0.8,40.0,2.0,-0.5,0.7395
0.75,-9,0.5,0.0,1.0,-1.0,0.6389
0.5,-7,0.7,40.0,1.0,0.0,0.7591
0.5,-8,0.5,0.0,1.5,-0.5,0.8561
0.75,-7,0.5,0.0,1.0,0.0,0.6266
0.5,-6,0.7,40.0,1.0,0.0,0.7875
1.0,-8,0.5,10.0,2.0,-0.5,0.4984
0.5,-9,0.8,100.0,3.0,-2.0,0.8682
0.75,-5,0.8,40.0,2.5,-1.0,0.6664
0.5,-7,0.5,10.0,2.0,0.0,0.8438
0.75,-9,0.5,10.0,1.5,0.0,0.6388
0.6,-9,0.7,100.0,1.0,0.0,0.743
0.75,-5,0.8,40.0,3.0,-1.0,0.6725
0.75,-9,0.7,40.0,2.0,-1.5,0.6275
0.75,-7,0.7,40.0,2.5,-1.0,0.6799
0.75,-6,0.7,0.0,2.5,-1.5,0.6724
0.75,-5,0.8,0.0,2.5,-1.5,0.6456
0.75,-6,0.7,10.0,2.0,-1.5,0.6253
1.0,-7,0.8,100.0,1.5,-1.0,0.4643
0.75,-7,0.7,0.0,2.5,-0.5,0.5594
0.5,-9,0.8,100.0,2.5,-2.0,0.863
0.6,-7,0.7,40.0,2.0,-0.5,0.7561
1.0,-10,0.5,10.0,1.0,-2.0,0.4599
0.6,-6,0.9,70.0,2.5,-2.0,0.7714
0.6,-5,0.8,10.0,3.0,-2.0,0.7729
0.6,-9,0.8,100.0,1.5,-1.5,0.7585
1.0,-9,0.5,0.0,1.0,-2.0,0.4039
0.75,-7,0.7,10.0,1.0,-1.5,0.5983
0.75,-7,0.7,0.0,2.0,-2.0,0.6633
0.5,-6,0.7,40.0,1.5,0.0,0.8106
0.5,-9,0.7,40.0,1.0,-1.0,0.756
1.0,-6,0.7,70.0,1.5,0.0,0.469
0.5,-10,0.5,10.0,1.0,-1.5,0.8414
1.0,-7,0.8,100.0,2.0,-0.5,0.4471
0.5,-8,0.7,40.0,1.0,-1.0,0.7809
0.6,-6,0.8,40.0,2.5,-1.5,0.7722
0.5,-10,0.7,70.0,2.0,-2.0,0.8582
1.0,-5,0.8,10.0,1.0,-2.0,0.3682
0.75,-8,0.8,70.0,1.0,-2.0,0.6143
1.0,-5,0.9,70.0,2.5,-1.5,0.4718
0.5,-6,0.7,0.0,3.0,-1.5,0.8454
0.5,-6,0.5,10.0,1.0,0.0,0.7446
0.5,-7,0.5,10.0,1.0,-0.5,0.7736
0.6,-10,0.7,40.0,3.0,-1.0,0.7125
0.6,-5,1.0,100.0,3.0,-1.5,0.7604
0.5,-10,0.5,0.0,1.5,-0.5,0.826
1.0,-6,0.8,10.0,3.0,-2.0,0.4816
0.5,-7,0.7,70.0,1.5,-1.0,0.8441
1.0,-7,0.7,40.0,1.5,0.0,0.4124
1.0,-10,0.7,100.0,1.0,-1.5,0.4419
0.6,-10,0.5,0.0,2.0,-1.0,0.7861
1.0,-5,0.7,0.0,3.0,-0.5,0.4795
0.5,-7,0.7,0.0,1.0,-2.0,0.7846
0.6,-7,0.7,70.0,2.0,0.0,0.7812
1.0,-5,0.8,0.0,1.0,-1.5,0.3983
0.5,-5,0.8,40.0,1.0,-2.0,0.7894
0.75,-6,0.7,0.0,1.0,-1.5,0.6194
1.0,-7,0.7,40.0,1.0,-0.5,0.3898
0.5,-6,0.7,10.0,2.0,-2.0,0.8553
1.0,-7,0.7,10.0,3.0,-1.0,0.4232
1.0,-5,1.0,70.0,2.0,-2.0,0.4368
1.0,-8,0.7,0.0,2.0,-1.5,0.3736
1.0,-7,0.7,100.0,1.5,-0.5,0.4384
0.75,-10,0.5,40.0,1.5,-0.5,0.639
0.5,-8,0.5,10.0,3.0,-0.5,0.8501
0.5,-6,0.7,10.0,1.5,-1.5,0.8305
0.75,-5,0.8,70.0,2.0,-0.5,0.636
0.75,-9,0.7,70.0,1.5,0.0,0.5601
0.75,-6,0.8,10.0,1.0,-2.0,0.5839
0.6,-7,0.8,100.0,2.5,-0.5,0.789
0.5,-7,0.7,40.0,1.5,-2.0,0.8406
0.6,-8,0.7,10.0,2.0,-1.0,0.6919
0.5,-7,0.5,0.0,2.0,-0.5,0.8204
0.5,-5,0.8,0.0,1.0,-2.0,0.7694
1.0,-10,0.5,40.0,1.0,-0.5,0.4503
1.0,-10,0.7,70.0,3.0,-0.5,0.5243
1.0,-5,0.7,0.0,2.5,-0.5,0.4685
0.6,-6,1.0,100.0,1.5,-2.0,0.7108
0.5,-9,0.7,40.0,1.5,-1.5,0.8021
0.5,-5,0.9,100.0,2.5,-0.5,0.8343
0.5,-6,0.7,40.0,2.0,-0.5,0.8449
0.75,-7,0.7,10.0,1.5,-1.5,0.6318
0.6,-7,0.7,0.0,3.0,-2.0,0.7856
1.0,-8,0.7,0.0,2.5,-1.5,0.3838
0.5,-8,0.7,100.0,3.0,-0.5,0.8447
0.6,-5,0.8,10.0,1.5,-2.0,0.7485
0.5,-8,0.8,100.0,2.0,-2.0,0.8592
1.0,-8,0.7,100.0,1.5,-1.0,0.4639
0.6,-10,0.7,70.0,1.5,-0.5,0.7067
0.75,-7,0.8,40.0,2.5,-2.0,0.6633
0.75,-7,0.7,10.0,1.5,-1.0,0.5918
0.6,-8,0.7,70.0,2.0,-0.5,0.7798
0.6,-8,0.8,100.0,1.5,-1.0,0.7615
0.75,-9,0.5,10.0,3.0,0.0,0.6783
0.75,-7,0.7,70.0,2.0,-0.5,0.6618
0.75,-10,0.7,40.0,2.5,-2.0,0.6348
0.75,-8,0.7,40.0,2.0,-0.5,0.5926
0.6,-10,0.7,70.0,3.0,-2.0,0.7997
0.5,-8,0.7,70.0,3.0,0.0,0.8413
0.6,-9,0.7,70.0,2.0,0.0,0.7257
0.5,-10,0.5,0.0,1.0,-0.5,0.8057
0.75,-6,0.7,10.0,1.5,-1.5,0.6238
0.5,-9,0.7,10.0,2.5,-2.0,0.7997
1.0,-6,0.9,70.0,1.5,-2.0,0.4529
0.6,-7,0.7,40.0,1.5,0.0,0.7089
0.5,-6,0.7,0.0,1.5,-0.5,0.766
1.0,-10,0.5,10.0,2.0,-2.0,0.4741
0.75,-10,0.5,0.0,1.5,-1.5,0.6616
0.6,-9,0.7,100.0,2.5,-0.5,0.7934
0.6,-9,0.7,40.0,2.5,-2.0,0.7834
0.6,-10,0.7,40.0,1.0,-1.5,0.6681
0.6,-8,0.9,100.0,2.0,-2.0,0.7461
0.6,-6,0.7,10.0,2.5,-0.5,0.7446
0.75,-7,0.8,100.0,2.5,-1.0,0.6562
0.75,-9,0.7,70.0,2.0,-0.5,0.6194
0.6,-6,0.7,10.0,2.0,-0.5,0.7327
0.6,-10,0.7,70.0,1.5,0.0,0.677
1.0,-5,0.8,100.0,3.0,0.0,0.4905
1.0,-10,0.5,70.0,2.0,0.0,0.5
0.5,-6,0.8,40.0,2.5,-2.0,0.8515
0.6,-9,0.5,10.0,2.0,-1.0,0.7355
0.5,-5,0.9,70.0,1.0,-1.5,0.7842
0.75,-5,0.8,70.0,3.0,-0.5,0.6327
0.75,-5,0.7,40.0,1.5,0.0,0.6467
0.5,-8,0.7,100.0,2.0,-0.5,0.8501
0.6,-9,0.7,70.0,1.0,-0.5,0.7083
0.5,-6,0.8,40.0,3.0,-1.5,0.837
0.75,-8,0.7,40.0,1.0,-2.0,0.629
0.5,-10,0.5,10.0,1.0,0.0,0.8017
0.5,-5,0.9,100.0,2.0,-1.0,0.8456
0.6,-5,0.7,40.0,1.0,-0.5,0.7086
0.5,-7,0.7,70.0,2.5,-1.0,0.846
0.5,-8,0.7,40.0,1.5,-0.5,0.7834
1.0,-6,0.9,70.0,2.5,-2.0,0.4862
0.6,-7,0.7,10.0,3.0,-2.0,0.7959
0.5,-5,0.8,10.0,2.5,-2.0,0.8373
0.5,-10,0.5,10.0,2.5,-2.0,0.7883
0.6,-9,0.7,70.0,3.0,0.0,0.7473
0.5,-6,0.7,70.0,2.0,-0.5,0.8275
0.6,-10,0.7,40.0,2.5,-1.0,0.7028
1.0,-10,0.5,70.0,2.5,0.0,0.507
0.5,-6,0.7,40.0,1.0,-1.5,0.8076
0.5,-6,0.7,10.0,1.0,-1.0,0.782
0.75,-7,0.7,0.0,1.0,-2.0,0.6144
0.5,-7,0.8,100.0,2.0,-1.5,0.8467
1.0,-7,0.7,70.0,2.0,0.0,0.4485
0.5,-9,0.5,40.0,1.0,0.0,0.8347
0.75,-7,0.7,0.0,1.0,-1.0,0.5317
1.0,-9,0.7,70.0,1.5,-2.0,0.4812
0.6,-8,0.5,10.0,2.5,-0.5,0.7021
0.6,-7,0.9,100.0,2.5,-2.0,0.7846
0.5,-10,0.5,10.0,1.0,-0.5,0.8182
0.5,-6,0.8,100.0,1.5,0.0,0.834
0.6,-7,0.7,70.0,2.5,0.0,0.7911
0.6,-9,0.5,40.0,1.5,0.0,0.7322
0.5,-5,0.7,10.0,2.0,0.0,0.8019
0.6,-8,0.8,100.0,1.0,-2.0,0.7257
0.5,-10,0.5,10.0,1.5,-0.5,0.8379
0.75,-7,0.7,10.0,1.0,-0.5,0.511
0.5,-7,0.8,70.0,1.0,-1.5,0.8045
1.0,-7,0.9,100.0,2.0,-2.0,0.4727
0.6,-8,0.7,0.0,2.5,-1.0,0.6844
0.6,-9,0.7,10.0,2.5,-2.0,0.7286
0.6,-5,0.9,100.0,2.5,-1.0,0.7783
0.5,-7,0.7,40.0,2.0,-1.5,0.8581
0.5,-5,0.8,70.0,1.5,-0.5,0.8348
1.0,-10,0.5,100.0,1.0,0.0,0.4453
0.5,-10,0.5,10.0,1.0,-1.0,0.8374
0.75,-10,0.5,10.0,1.5,-0.5,0.6371
1.0,-6,0.9,100.0,1.5,-1.5,0.4634
0.5,-6,0.7,10.0,1.0,-2.0,0.8277
0.5,-9,0.5,10.0,2.0,-1.5,0.7817
1.0,-8,0.7,0.0,3.0,-2.0,0.4381
0.75,-7,0.7,70.0,1.0,0.0,0.6106
1.0,-10,0.5,0.0,1.5,-1.0,0.4228
0.6,-6,0.7,0.0,3.0,-1.5,0.7898
1.0,-5,0.8,0.0,2.5,-1.5,0.4667
0.5,-7,0.9,100.0,2.5,-2.0,0.8472
1.0,-6,0.7,0.0,1.0,-1.5,0.4353
0.6,-5,1.0,70.0,2.0,-2.0,0.7149
1.0,-9,0.7,100.0,2.5,-1.5,0.4899
0.6,-8,0.7,10.0,1.5,-1.0,0.6721
1.0,-10,0.7,40.0,2.5,-1.5,0.4215
0.75,-7,0.9,70.0,2.5,-2.0,0.6259
0.5,-9,0.7,40.0,1.5,-1.0,0.7819
0.5,-9,0.7,70.0,1.5,0.0,0.7915
0.6,-7,0.8,70.0,2.0,-1.0,0.7541
0.5,-8,0.5,0.0,1.0,-1.0,0.8352
0.75,-9,0.5,0.0,2.0,-0.5,0.6668
1.0,-6,0.8,70.0,2.0,-1.0,0.4792
0.6,-5,0.7,0.0,1.5,0.0,0.6998
0.75,-10,0.5,0.0,1.0,-1.0,0.6187
1.0,-6,0.9,100.0,3.0,-1.0,0.462
0.5,-9,0.5,0.0,1.0,-1.0,0.8397
0.5,-5,0.8,100.0,2.5,0.0,0.8679
1.0,-9,0.7,40.0,1.0,-2.0,0.3971
0.5,-5,0.8,40.0,3.0,-1.5,0.8608
0.75,-5,0.9,40.0,1.5,-1.5,0.5905
0.5,-9,0.5,0.0,1.0,-0.5,0.8235
0.5,-7,0.5,0.0,2.5,-0.5,0.8132
0.5,-7,0.7,70.0,1.5,0.0,0.8359
0.6,-6,0.7,0.0,2.0,-0.5,0.7123
0.6,-7,0.9,100.0,1.5,-2.0,0.7599
0.5,-7,0.7,0.0,3.0,-1.5,0.8188
0.6,-5,0.8,40.0,2.0,-1.5,0.7331
0.5,-6,0.8,40.0,2.0,-1.5,0.8198
1.0,-9,0.7,70.0,1.5,-1.5,0.4451
1.0,-6,0.7,40.0,2.0,-1.0,0.4575
0.75,-7,0.8,100.0,1.0,-1.0,0.628
0.5,-10,0.7,10.0,3.0,-2.0,0.78
0.5,-7,0.7,40.0,3.0,0.0,0.8174
1.0,-6,0.8,70.0,3.0,-0.5,0.4569
0.5,-9,0.5,40.0,1.5,-0.5,0.7622
0.75,-7,0.7,10.0,1.5,-0.5,0.5466
0.5,-6,0.7,0.0,1.5,-1.0,0.7898
0.75,-9,0.5,0.0,2.0,-1.5,0.5433
0.5,-7,0.8,70.0,1.5,-1.5,0.8275
0.5,-6,0.7,10.0,3.0,0.0,0.7943
1.0,-10,0.8,100.0,3.0,-1.0,0.5145
0.75,-9,0.5,0.0,1.5,0.0,0.6217
0.6,-6,0.7,40.0,3.0,0.0,0.7793
0.5,-6,0.7,70.0,1.0,0.0,0.8336
0.5,-9,0.5,0.0,1.0,-1.5,0.84
0.5,-9,0.5,0.0,1.5,-2.0,0.7675
0.75,-7,0.7,10.0,1.0,-2.0,0.6259
0.5,-9,0.7,70.0,2.5,0.0,0.8157
0.6,-6,0.8,70.0,1.0,-1.5,0.7225
0.75,-6,0.8,40.0,1.0,-2.0,0.5889
0.75,-10,0.5,40.0,3.0,0.0,0.6848
0.6,-9,0.7,100.0,1.0,-1.0,0.7467
0.6,-6,0.7,0.0,1.5,0.0,0.6606
1.0,-10,0.5,10.0,1.0,-0.5,0.4269
1.0,-10,0.7,40.0,3.0,-1.5,0.4271
0.5,-9,0.7,100.0,1.5,-1.0,0.8535
0.5,-10,0.7,70.0,1.5,-2.0,0.8471
0.75,-9,0.7,10.0,3.0,-2.0,0.6218
0.5,-10,0.7,100.0,3.0,-1.0,0.8743
1.0,-6,1.0,100.0,3.0,-2.0,0.4547
0.5,-9,0.5,10.0,1.5,0.0,0.8383
0.5,-8,0.5,0.0,1.0,-0.5,0.8407
0.5,-5,0.7,0.0,1.5,-1.0,0.8201
1.0,-9,0.7,40.0,2.0,-1.0,0.4166
0.75,-8,0.7,70.0,3.0,-0.5,0.6789
0.6,-8,0.7,40.0,2.0,0.0,0.694
0.5,-7,0.7,10.0,2.0,-0.5,0.771
0.5,-9,0.7,70.0,2.0,-1.0,0.8443
0.6,-6,0.9,100.0,1.0,-1.0,0.7106
0.5,-10,0.7,70.0,1.5,-1.0,0.8116
0.6,-8,0.5,0.0,2.5,-0.5,0.7767
0.6,-9,0.7,70.0,1.5,0.0,0.7081
0.5,-5,0.8,70.0,2.5,-1.0,0.8557
0.6,-5,0.9,70.0,3.0,-1.5,0.785
0.75,-9,0.7,70.0,2.0,-1.0,0.6531
0.6,-6,0.9,70.0,2.0,-1.5,0.7305
0.75,-9,0.7,10.0,1.5,-1.5,0.5322
0.75,-6,0.9,70.0,1.5,-2.0,0.6389
0.5,-7,0.8,100.0,1.5,-1.5,0.8429
0.5,-6,0.7,70.0,3.0,0.0,0.8734
0.5,-9,0.7,40.0,3.0,-1.5,0.8315
0.6,-9,0.5,0.0,1.5,0.0,0.7543
0.6,-5,0.7,10.0,1.0,0.0,0.6905
0.6,-8,0.8,100.0,1.0,-1.0,0.7359
0.6,-8,0.8,70.0,2.5,-1.5,0.7602
0.5,-5,0.8,70.0,2.0,-0.5,0.8467
0.75,-9,0.7,70.0,2.5,-1.5,0.6826
1.0,-7,0.7,40.0,3.0,-1.5,0.5006
0.5,-9,0.5,0.0,2.0,-1.0,0.8627
0.75,-10,0.5,40.0,1.0,0.0,0.6324
0.5,-5,0.7,10.0,2.0,-1.5,0.8316
1.0,-5,1.0,100.0,1.5,-2.0,0.4145
0.75,-7,0.5,0.001,3.0,0.0,0.6215
0.75,-8,0.8,100.0,2.0,-1.5,0.6691
0.6,-5,0.9,70.0,1.0,-1.5,0.7224
0.5,-8,0.7,70.0,2.5,0.0,0.835
0.5,-10,0.5,10.0,2.0,-2.0,0.8013
1.0,-10,0.7,40.0,1.0,-2.0,0.3733
1.0,-8,0.7,10.0,2.5,-2.0,0.4502
0.6,-10,0.5,10.0,1.5,0.0,0.7467
0.5,-6,0.7,0.0,2.5,-0.5,0.7935
1.0,-7,0.5,10.0,2.5,0.0,0.5024
0.5,-7,0.7,10.0,2.5,-2.0,0.848
0.6,-5,0.7,10.0,1.5,-1.0,0.7567
0.5,-9,0.7,70.0,1.0,0.0,0.7662
1.0,-9,0.5,70.0,1.0,-0.5,0.3747
1.0,-6,0.9,70.0,3.0,-2.0,0.4962
0.6,-5,0.7,0.0,2.0,-0.5,0.7515
0.5,-10,0.7,70.0,1.0,-1.0,0.789
0.6,-5,0.9,100.0,1.0,-0.5,0.7163
0.5,-8,0.7,10.0,2.0,-1.5,0.792
1.0,-9,0.5,10.0,3.0,0.0,0.4596
0.75,-5,0.7,10.0,3.0,-0.5,0.6813
0.5,-7,0.7,70.0,2.0,-1.0,0.8463
0.5,-7,0.7,10.0,1.0,-2.0,0.8019
0.75,-9,0.7,100.0,1.5,0.0,0.6291
1.0,-9,0.7,70.0,2.0,-0.5,0.4596
0.5,-7,0.5,0.001,3.0,0.0,0.8708
0.6,-6,0.9,100.0,2.5,-1.5,0.7875
1.0,-8,0.7,100.0,2.5,-1.0,0.4624
0.75,-6,0.8,10.0,3.0,-1.5,0.6235
1.0,-9,0.5,40.0,2.5,-0.5,0.5003
0.5,-5,0.7,40.0,1.0,-0.5,0.8329
1.0,-10,0.5,40.0,1.0,-1.5,0.4358
0.5,-8,0.8,100.0,1.5,-1.5,0.847
0.5,-9,0.7,0.0,2.5,-2.0,0.7805
0.5,-9,0.7,40.0,2.0,-1.0,0.7969
0.6,-6,0.8,40.0,2.5,-1.0,0.7442
0.6,-8,0.8,70.0,1.5,-1.5,0.7321
0.5,-6,0.9,100.0,1.0,-1.5,0.807
0.75,-6,0.9,70.0,1.0,-2.0,0.6068
0.6,-8,0.7,0.0,2.5,-2.0,0.7438
0.6,-6,0.7,0.0,2.5,-1.0,0.7568
1.0,-8,0.5,0.001,3.0,0.0,0.4693
0.6,-6,0.8,40.0,1.0,-2.0,0.7395
0.75,-6,0.7,10.0,2.0,-0.5,0.6219
0.6,-8,0.7,10.0,1.5,-1.5,0.7033
0.75,-5,0.7,0.0,2.5,-1.0,0.6333
1.0,-8,0.8,100.0,1.0,-2.0,0.4532
0.5,-5,0.7,10.0,1.0,0.0,0.7595
0.5,-5,0.8,10.0,2.0,-2.0,0.8273
0.75,-8,0.8,70.0,2.5,-1.5,0.6453
1.0,-7,0.8,70.0,3.0,-1.5,0.4927
0.5,-10,0.7,100.0,2.0,-1.0,0.8657
0.6,-6,0.7,10.0,2.5,0.0,0.7138
0.5,-6,0.7,10.0,2.5,0.0,0.7862
0.75,-5,0.7,0.0,2.0,0.0,0.6077
0.5,-8,0.8,100.0,2.5,-1.0,0.85
1.0,-10,0.3,10.0,1.0,0.0,0.4061
0.6,-8,0.5,0.0,1.5,0.0,0.7741
1.0,-9,0.7,100.0,3.0,-1.0,0.5025
1.0,-8,0.8,100.0,2.0,-1.5,0.4733
1.0,-5,0.7,10.0,2.5,-0.5,0.4872
1.0,-9,0.5,0.0,2.0,-1.5,0.493
0.5,-6,0.9,100.0,3.0,-2.0,0.8648
0.6,-10,0.5,10.0,3.0,-0.5,0.7965
0.75,-9,0.7,70.0,3.0,-1.0,0.6756
1.0,-5,0.9,40.0,2.0,-2.0,0.4585
1.0,-8,0.7,10.0,3.0,-2.0,0.4613
0.5,-9,0.5,10.0,1.5,-1.0,0.8508
1.0,-9,0.5,0.0,2.5,-1.5,0.4973
0.5,-10,0.5,0.0,2.5,0.0,0.8272
1.0,-6,0.7,10.0,2.5,0.0,0.401
0.6,-9,0.7,70.0,3.0,-1.0,0.794
0.6,-8,0.7,70.0,3.0,-1.0,0.796
0.75,-9,0.5,10.0,2.0,-0.5,0.6739
0.5,-5,0.9,70.0,2.0,-2.0,0.8441
0.5,-5,0.7,40.0,2.5,0.0,0.8548
0.5,-6,0.8,70.0,1.0,-1.0,0.8067
1.0,-10,0.5,40.0,2.5,-1.0,0.5061
0.75,-5,0.8,0.0,3.0,-2.0,0.612
0.5,-7,0.7,70.0,3.0,-0.5,0.8727
1.0,-9,0.5,40.0,1.0,0.0,0.4541
0.6,-10,0.7,100.0,1.5,0.0,0.7419
0.6,-8,0.7,70.0,2.5,-0.5,0.789
1.0,-10,0.5,10.0,1.0,-1.0,0.4191
0.75,-7,0.5,0.0,2.5,0.0,0.6293
0.6,-5,0.9,70.0,2.0,-1.5,0.7668
0.6,-5,0.8,40.0,3.0,-1.0,0.7849
0.6,-9,0.7,70.0,2.0,-0.5,0.754
0.5,-10,0.5,0.0,2.5,-1.5,0.8658
0.5,-7,0.8,100.0,3.0,-1.5,0.8439
0.75,-8,0.5,10.0,2.0,0.0,0.6728
0.5,-7,0.7,10.0,2.5,-1.5,0.8267
1.0,-5,0.9,70.0,2.5,-1.0,0.4538
0.6,-8,0.7,10.0,1.5,-2.0,0.7346
0.75,-5,0.9,100.0,2.5,0.0,0.6275
0.5,-9,0.7,70.0,3.0,-2.0,0.8663
0.75,-9,0.5,10.0,2.0,-1.0,0.609
1.0,-9,0.7,70.0,1.0,-1.5,0.4212
0.5,-7,0.8,100.0,1.0,-1.0,0.8311
0.5,-8,0.7,0.0,2.0,-1.5,0.7737
1.0,-9,0.8,100.0,3.0,-2.0,0.4874
1.0,-9,0.7,40.0,3.0,-2.0,0.4676
0.6,-7,0.7,0.0,3.0,-1.5,0.7586
1.0,-7,0.7,10.0,3.0,-1.5,0.474
0.5,-8,0.7,10.0,3.0,-2.0,0.8298
0.6,-8,0.7,10.0,1.0,-1.5,0.6731
0.5,-6,0.5,0.0,1.5,0.0,0.8041
0.5,-8,0.7,70.0,2.5,-1.0,0.8651
0.5,-9,0.5,0.0,2.5,-1.5,0.8457
1.0,-8,0.7,100.0,1.5,-0.5,0.4727
0.75,-5,0.8,0.0,3.0,-1.5,0.656
0.6,-5,0.7,10.0,2.5,0.0,0.7504
0.5,-5,0.9,70.0,1.0,-2.0,0.8089
0.5,-5,0.9,100.0,1.5,-1.5,0.8292
1.0,-10,0.5,100.0,2.5,0.0,0.3984
0.75,-9,0.5,0.0,1.5,-0.5,0.6491
0.6,-10,0.8,100.0,3.0,-1.5,0.7646
0.75,-8,0.7,100.0,1.0,-0.5,0.6184
0.75,-7,0.8,70.0,1.5,-1.5,0.6507
1.0,-5,1.0,70.0,1.0,-2.0,0.3846
0.5,-8,0.5,0.0,1.0,-1.5,0.7615
0.5,-5,0.7,40.0,2.0,0.0,0.8465
0.5,-9,0.5,0.0,2.0,0.0,0.8388
0.5,-9,0.5,0.001,3.0,0.0,0.8514
1.0,-8,0.7,10.0,1.0,-1.5,0.3549
0.6,-8,0.9,100.0,2.5,-2.0,0.7574
0.5,-9,0.7,10.0,2.0,-2.0,0.7894
0.75,-5,0.8,10.0,1.0,-2.0,0.5512
1.0,-9,0.5,10.0,2.5,-1.5,0.4411
0.5,-7,0.7,10.0,2.0,-1.5,0.817
0.6,-9,0.5,0.0,1.5,-1.5,0.7113
1.0,-6,0.8,100.0,1.0,-1.0,0.4069
0.75,-5,0.8,10.0,3.0,-1.5,0.67
0.5,-9,0.8,100.0,1.0,-2.0,0.8261
1.0,-8,0.5,10.0,2.5,-1.0,0.3988
1.0,-9,0.5,10.0,3.0,-0.5,0.4824
1.0,-6,0.7,40.0,1.0,0.0,0.396
0.6,-5,0.9,70.0,2.5,-1.5,0.7775
0.6,-5,0.9,70.0,1.5,-1.5,0.7506
0.6,-8,0.7,40.0,1.0,-1.5,0.7367
1.0,-8,0.8,10.0,3.0,-1.0,0.4065
0.5,-10,0.5,40.0,3.0,-0.5,0.8313
0.6,-8,0.7,40.0,3.0,-0.5,0.7444
0.6,-7,0.7,10.0,2.5,-0.5,0.7095
0.5,-5,0.7,0.0,3.0,-1.5,0.8635
0.75,-5,0.9,40.0,3.0,-2.0,0.6581
0.75,-10,0.5,0.0,1.0,-2.0,0.6046
0.6,-7,0.9,100.0,2.0,-1.5,0.7515
0.75,-7,0.7,0.0,1.5,-0.5,0.5215
1.0,-5,0.9,100.0,1.0,-0.5,0.4079
0.6,-6,0.8,70.0,1.5,-1.5,0.7268
1.0,-8,0.7,10.0,3.0,-1.5,0.4112
0.75,-7,0.8,40.0,3.0,-1.5,0.6379
0.75,-5,0.8,70.0,1.0,0.0,0.5983
0.75,-8,0.7,70.0,1.0,-0.5,0.6066
1.0,-8,0.8,100.0,2.5,-1.5,0.4867
1.0,-7,0.7,10.0,2.5,-2.0,0.5014
1.0,-7,0.5,10.0,1.5,0.0,0.4821
0.5,-6,0.7,40.0,3.0,-0.5,0.8588
1.0,-6,0.9,100.0,1.0,-2.0,0.3865
0.5,-7,0.7,40.0,1.0,-1.5,0.8263
1.0,-8,0.7,10.0,1.0,-2.0,0.3854
0.6,-5,0.7,0.0,2.5,0.0,0.7311
0.5,-5,0.8,10.0,3.0,-2.0,0.8446
1.0,-9,0.5,0.0,1.0,0.0,0.4259
0.5,-8,0.7,40.0,2.0,-1.5,0.8388
0.6,-6,0.7,10.0,1.0,-0.5,0.6847
0.75,-6,0.7,40.0,1.0,-0.5,0.6256
0.6,-8,0.7,0.0,3.0,-2.0,0.7524
0.6,-10,0.5,10.0,3.0,-1.0,0.7961
1.0,-10,0.5,0.001,3.0,0.0,0.4925
0.6,-9,0.8,100.0,2.0,-2.0,0.7886
0.5,-6,0.7,0.0,1.5,-1.5,0.8144
0.6,-6,0.7,40.0,1.5,-1.0,0.7459
0.6,-6,0.8,100.0,1.5,0.0,0.7682
0.75,-8,0.7,10.0,1.5,-2.0,0.625
0.75,-9,0.8,100.0,3.0,-1.0,0.6383
0.6,-10,0.5,10.0,1.0,-1.5,0.7506
0.5,-5,0.8,70.0,2.5,0.0,0.8351
0.75,-10,0.5,10.0,1.5,-1.0,0.6609
0.6,-6,0.8,40.0,3.0,-2.0,0.7859
0.6,-9,0.5,0.001,3.0,0.0,0.7856
0.75,-9,0.7,40.0,3.0,-1.0,0.6121
0.5,-6,0.8,100.0,1.0,-0.5,0.8317
0.6,-10,0.5,10.0,2.0,-0.5,0.7822
1.0,-9,0.8,100.0,1.5,-2.0,0.4456
0.6,-10,0.7,70.0,3.0,0.0,0.7183
0.75,-7,0.7,40.0,1.5,-0.5,0.6191
0.5,-5,0.9,100.0,2.5,-1.5,0.8343
0.75,-5,0.7,40.0,3.0,0.0,0.6647
0.75,-5,0.8,0.0,1.5,-2.0,0.6091
1.0,-8,0.7,0.0,3.0,-1.5,0.392
0.5,-8,0.7,10.0,2.5,-1.5,0.8025
1.0,-10,0.7,70.0,1.0,-1.5,0.4099
0.75,-9,0.8,100.0,1.0,-1.5,0.6009
0.5,-7,0.7,0.0,1.5,-2.0,0.8087
0.6,-7,0.7,0.0,2.0,-2.0,0.7675
0.5,-10,0.5,10.0,1.5,0.0,0.8224
1.0,-7,0.7,100.0,2.5,0.0,0.5032
0.5,-9,0.7,70.0,2.5,-1.5,0.8665
1.0,-8,0.5,0.0,2.5,0.0,0.4602
0.75,-5,0.8,70.0,2.5,0.0,0.6651
0.6,-5,0.7,10.0,1.5,0.0,0.7208
0.6,-7,0.8,70.0,2.5,-1.5,0.7882
0.5,-9,0.7,100.0,1.5,0.0,0.8422
0.6,-5,0.7,10.0,2.5,-0.5,0.7792
1.0,-6,0.7,10.0,1.0,-1.0,0.4104
0.5,-6,0.9,100.0,1.0,-2.0,0.8236
0.5,-9,0.7,70.0,3.0,0.0,0.8221
0.75,-6,0.8,0.0,3.0,-2.0,0.6443
0.75,-8,0.7,0.0,1.0,-1.5,0.5226
0.5,-6,0.5,0.0,2.0,0.0,0.7943
1.0,-5,0.7,40.0,2.0,0.0,0.4827
0.5,-6,0.7,0.0,2.0,-1.0,0.8051
1.0,-5,0.9,70.0,2.0,-1.5,0.4643
1.0,-10,0.5,0.0,3.0,-0.5,0.4483
0.6,-9,0.7,40.0,1.5,-1.5,0.7323
0.6,-8,0.8,70.0,1.5,-2.0,0.761
0.75,-8,0.5,10.0,2.0,-0.5,0.5836
1.0,-5,0.9,70.0,3.0,-1.0,0.4648
0.6,-7,0.7,40.0,1.0,0.0,0.6782
0.75,-8,0.7,40.0,3.0,0.0,0.5775
0.6,-5,0.8,70.0,2.5,-0.5,0.7877
0.6,-5,0.7,10.0,2.0,-0.5,0.7689
0.6,-7,0.8,100.0,3.0,-1.0,0.7894
0.6,-7,0.7,40.0,2.5,-1.5,0.7775
0.6,-7,0.8,70.0,2.5,-2.0,0.7668
0.75,-6,0.9,70.0,2.0,-1.5,0.6222
0.5,-10,0.7,70.0,3.0,0.0,0.8054
1.0,-7,0.7,10.0,1.0,-1.5,0.3978
0.75,-6,0.8,100.0,2.5,0.0,0.6763
0.75,-6,0.9,100.0,1.0,-1.0,0.591
0.75,-9,0.7,40.0,3.0,-1.5,0.6516
1.0,-5,0.8,40.0,1.5,-1.0,0.4585
0.6,-10,0.5,40.0,2.0,0.0,0.7845
1.0,-7,0.7,40.0,2.0,-1.0,0.4641
0.6,-6,0.7,10.0,3.0,0.0,0.7233
0.5,-9,0.7,70.0,1.0,-1.0,0.8126
0.75,-8,0.7,70.0,2.5,0.0,0.6366
1.0,-6,0.7,10.0,2.5,-1.0,0.4758
0.5,-6,0.7,10.0,1.5,-2.0,0.8456
0.5,-10,0.5,10.0,3.0,-1.0,0.8699
0.5,-5,0.9,70.0,2.0,-1.5,0.8247
1.0,-8,0.5,10.0,3.0,0.0,0.488
0.6,-7,0.7,10.0,2.0,-1.5,0.7569
1.0,-5,0.8,70.0,1.0,-0.5,0.4382
0.5,-7,0.7,40.0,1.0,-0.5,0.7832
0.5,-6,0.7,10.0,2.5,-0.5,0.8087
0.75,-10,0.7,70.0,1.0,-2.0,0.6306
1.0,-6,0.8,0.0,2.5,0.0,0.3937
0.6,-7,0.5,10.0,1.5,0.0,0.7096
0.6,-7,0.9,100.0,2.0,-2.0,0.7748
1.0,-9,0.7,70.0,1.0,-2.0,0.4544
0.6,-9,0.8,100.0,2.0,-1.0,0.7481
1.0,-10,0.7,100.0,2.0,-1.0,0.4662
0.5,-6,0.7,40.0,2.5,-1.0,0.8653
0.75,-8,0.8,70.0,3.0,-2.0,0.6841
1.0,-10,0.5,10.0,1.0,-1.5,0.4476
0.5,-6,0.9,100.0,3.0,-1.0,0.8366
0.6,-7,0.7,0.0,2.0,-0.5,0.6759
1.0,-7,0.8,10.0,2.5,-0.5,0.3979
1.0,-6,0.8,10.0,2.5,-2.0,0.4706
0.75,-10,0.7,40.0,3.0,-1.5,0.6066
1.0,-5,0.8,40.0,2.5,-0.5,0.4457
0.75,-10,0.7,100.0,3.0,-1.0,0.6867
0.5,-6,0.8,100.0,2.0,-0.5,0.8618
0.5,-7,0.7,40.0,2.5,0.0,0.8101
0.5,-5,0.9,40.0,2.5,-2.0,0.814
0.6,-5,0.9,100.0,3.0,-0.5,0.7808
1.0,-9,0.7,100.0,1.5,-1.0,0.467
0.6,-8,0.8,100.0,2.0,-0.5,0.7509
0.5,-6,0.7,10.0,2.0,-1.5,0.8433
0.75,-7,0.7,10.0,3.0,0.0,0.5527
1.0,-5,1.0,100.0,1.0,-1.5,0.3973
0.6,-6,0.8,70.0,3.0,-0.5,0.7777
0.5,-7,0.7,100.0,2.5,0.0,0.8382
1.0,-8,0.7,70.0,3.0,-1.0,0.4941
0.75,-5,1.0,100.0,2.0,-2.0,0.586
0.75,-10,0.7,40.0,2.5,-1.0,0.5581
0.75,-5,0.9,70.0,1.5,-1.0,0.6122
0.75,-7,0.7,10.0,2.5,-0.5,0.5835
0.6,-10,0.5,0.0,1.5,-0.5,0.7527
0.5,-10,0.7,100.0,1.5,0.0,0.8241
0.75,-10,0.7,100.0,1.0,-0.5,0.5973
0.5,-6,0.7,10.0,1.0,-1.5,0.8071
0.6,-8,0.7,70.0,3.0,-0.5,0.795
0.75,-9,0.5,40.0,1.5,0.0,0.6326
0.75,-5,0.7,0.0,2.5,0.0,0.6227
1.0,-7,0.5,10.0,1.5,-0.5,0.3915
0.5,-8,0.8,100.0,3.0,-2.0,0.8629
1.0,-6,0.7,10.0,1.0,-0.5,0.3715
0.75,-9,0.5,0.0,3.0,-1.0,0.6642
0.75,-10,0.7,10.0,1.5,-2.0,0.5255
0.75,-5,0.8,40.0,2.0,-1.0,0.6568
0.75,-6,0.7,0.0,1.5,-0.5,0.5763
0.6,-10,0.5,0.0,1.5,-1.0,0.7721
0.75,-10,0.5,0.0,1.0,0.0,0.5496
0.5,-8,0.5,0.001,3.0,0.0,0.8667
1.0,-8,0.5,0.0,1.0,-1.5,0.3713
0.75,-6,0.8,70.0,3.0,-1.0,0.6768
1.0,-7,0.7,70.0,1.0,0.0,0.4205
0.75,-6,0.8,0.0,1.5,-2.0,0.5971
1.0,-6,0.7,0.0,3.0,-1.5,0.5058
0.5,-8,0.8,100.0,1.0,-1.5,0.8287
1.0,-9,0.5,10.0,2.5,-0.5,0.4728
0.75,-8,0.7,100.0,1.5,-0.5,0.6219
0.6,-9,0.7,40.0,1.5,-2.0,0.7601
1.0,-5,0.7,10.0,3.0,-0.5,0.4974
0.6,-9,0.7,0.0,2.0,-2.0,0.6964
0.75,-5,0.8,10.0,1.5,-1.5,0.6284
0.5,-6,0.7,10.0,2.5,-2.0,0.8616
0.75,-10,0.8,100.0,1.5,-2.0,0.6271
0.75,-8,0.7,40.0,1.5,-2.0,0.6443
1.0,-6,0.8,70.0,1.5,-1.5,0.4223
0.75,-7,0.8,100.0,3.0,-0.5,0.6817
1.0,-5,0.9,70.0,1.5,-1.0,0.4197
0.6,-9,0.5,0.0,3.0,-1.0,0.7837
1.0,-7,0.8,100.0,3.0,-1.0,0.505
0.5,-10,0.5,0.001,3.0,0.0,0.8332
1.0,-10,0.5,10.0,3.0,-1.0,0.4769
0.6,-8,0.5,10.0,3.0,0.0,0.7914
0.6,-10,0.7,40.0,3.0,-1.5,0.7382
0.6,-9,0.7,70.0,2.5,-1.0,0.7857
0.5,-8,0.5,10.0,1.0,0.0,0.8373
1.0,-9,0.7,40.0,3.0,-1.0,0.4296
0.75,-7,0.9,100.0,2.0,-1.5,0.6361
0.6,-9,0.5,10.0,2.5,-1.0,0.7254
1.0,-8,0.8,70.0,2.5,-0.5,0.4547
0.6,-6,0.7,10.0,1.0,-1.5,0.7448
0.6,-10,0.8,100.0,1.0,-2.0,0.7294
0.5,-10,0.7,100.0,2.5,-0.5,0.8588
0.75,-10,0.7,70.0,1.0,-1.5,0.5993
0.5,-9,0.7,40.0,2.5,-1.0,0.8069
1.0,-6,0.7,40.0,1.0,-1.0,0.4401
0.5,-10,0.7,70.0,2.5,0.0,0.7982
0.6,-6,0.7,40.0,1.0,0.0,0.7167
0.5,-8,0.7,40.0,2.0,-1.0,0.818
0.6,-9,0.5,0.0,1.0,-0.5,0.7526
0.5,-8,0.7,0.0,3.0,-1.5,0.793
0.75,-6,0.8,100.0,3.0,0.0,0.6851
1.0,-5,0.7,0.0,2.5,-1.0,0.4734
0.75,-9,0.7,40.0,1.5,-0.5,0.5255
1.0,-7,0.7,0.0,1.0,-1.5,0.3768
1.0,-8,0.7,40.0,1.0,-1.5,0.4064
0.6,-8,0.5,0.0,1.0,-1.0,0.706
0.6,-9,0.7,40.0,2.0,-2.0,0.7736
0.5,-10,0.5,0.0,1.0,-1.5,0.8367
0.75,-6,0.8,70.0,1.5,-1.0,0.65
1.0,-7,0.7,10.0,2.0,-1.0,0.401
0.6,-7,0.8,70.0,1.0,-1.5,0.7385
0.75,-8,0.7,40.0,1.0,-1.0,0.5812
0.5,-6,0.7,40.0,3.0,-1.0,0.8695
0.5,-7,0.8,100.0,2.5,-1.5,0.8458
1.0,-8,0.5,10.0,2.0,0.0,0.4664
0.5,-6,0.7,10.0,2.0,0.0,0.775
0.75,-8,0.7,70.0,1.0,-1.0,0.635
0.5,-8,0.7,40.0,1.5,-1.0,0.8048
0.5,-6,0.7,40.0,1.5,-1.0,0.8502
0.6,-9,0.7,40.0,2.5,-0.5,0.7054
0.5,-8,0.5,0.0,2.0,-1.0,0.8381
0.75,-5,0.8,70.0,1.5,-0.5,0.6304
0.6,-6,0.7,40.0,2.0,-1.0,0.7447
1.0,-9,0.8,70.0,2.5,-1.0,0.4543
0.75,-8,0.7,10.0,1.5,-1.0,0.5392
0.5,-5,0.7,10.0,3.0,0.0,0.82
0.5,-6,0.7,0.001,3.0,0.0,0.7752
1.0,-8,0.7,40.0,2.5,-1.0,0.4252
1.0,-6,0.8,40.0,2.5,-1.5,0.4819
1.0,-10,0.5,40.0,1.5,-1.5,0.4291
0.6,-9,0.5,0.0,2.0,0.0,0.7691
0.6,-7,0.7,10.0,2.5,-1.0,0.7389
0.5,-7,0.7,40.0,1.5,0.0,0.7853
0.6,-6,0.7,40.0,2.0,0.0,0.7607
0.6,-8,0.7,70.0,1.5,0.0,0.7392
1.0,-6,0.8,100.0,1.0,-0.5,0.4448
0.75,-6,0.7,10.0,3.0,-1.0,0.6792
1.0,-9,0.7,70.0,3.0,-1.5,0.4858
0.5,-9,0.5,0.0,1.5,0.0,0.8274
1.0,-10,0.8,70.0,2.5,-1.5,0.4545
0.5,-7,0.7,0.0,3.0,-2.0,0.8406
0.75,-5,0.9,70.0,2.5,-1.0,0.6478
0.5,-7,0.5,10.0,2.5,0.0,0.842
1.0,-10,0.5,40.0,3.0,0.0,0.49
0.5,-7,0.7,100.0,1.5,0.0,0.8421
0.6,-9,0.7,40.0,3.0,-1.0,0.7413
1.0,-10,0.7,100.0,1.5,-0.5,0.5051
1.0,-5,0.9,40.0,1.0,-2.0,0.4166
0.5,-7,0.7,0.0,2.5,-1.5,0.811
1.0,-8,0.7,40.0,3.0,-2.0,0.5135
0.75,-9,0.5,10.0,2.5,0.0,0.669
1.0,-5,1.0,100.0,2.0,-1.5,0.4472
0.5,-5,0.7,10.0,2.0,-1.0,0.8462
0.6,-8,0.7,40.0,1.0,-0.5,0.6745
0.75,-9,0.7,40.0,2.5,-1.5,0.6413
0.75,-7,0.8,40.0,1.5,-2.0,0.6305
0.5,-8,0.7,10.0,2.5,-2.0,0.8226
0.75,-8,0.7,40.0,2.5,0.0,0.5665
0.75,-9,0.7,10.0,2.0,-1.5,0.5539
0.6,-7,0.7,10.0,2.5,-2.0,0.7893
0.75,-9,0.5,0.0,2.5,0.0,0.654
0.75,-10,0.7,100.0,3.0,0.0,0.6354
0.5,-5,0.7,0.0,2.5,-1.5,0.8576
0.75,-10,0.5,0.0,2.0,0.0,0.6029
0.6,-5,0.7,10.0,2.0,-1.0,0.7649
0.5,-5,0.8,100.0,2.0,0.0,0.8611
0.5,-10,0.7,100.0,2.5,-1.5,0.8594
0.75,-8,0.8,100.0,2.5,-1.0,0.6687
0.6,-7,0.8,100.0,2.5,0.0,0.7652
1.0,-5,0.7,40.0,1.0,-0.5,0.4094
1.0,-6,0.7,40.0,2.0,0.0,0.4315
0.75,-8,0.7,70.0,2.0,-0.5,0.6568
0.5,-7,0.7,40.0,1.5,-1.5,0.8473
1.0,-5,0.7,0.0,3.0,-1.0,0.4752
0.75,-9,0.5,0.0,1.0,0.0,0.5901
0.75,-5,1.0,100.0,3.0,-2.0,0.5686
1.0,-8,0.7,0.0,1.5,-1.5,0.3604
1.0,-7,0.5,0.0,1.0,-0.5,0.4437
0.5,-8,0.7,40.0,1.5,-2.0,0.843
0.75,-5,0.9,100.0,2.5,-0.5,0.6661
0.5,-10,0.5,0.0,2.0,-0.5,0.8375
0.75,-5,0.8,70.0,2.5,-0.5,0.6359
0.5,-5,0.8,70.0,3.0,-1.0,0.858
0.75,-6,1.0,100.0,2.5,-2.0,0.6384
0.5,-8,0.5,0.0,3.0,-0.5,0.8716
0.75,-8,0.7,0.0,2.5,-2.0,0.6373
0.75,-6,0.9,100.0,3.0,-1.0,0.6688
1.0,-9,0.7,10.0,2.5,-2.0,0.3916
0.5,-10,0.7,100.0,2.0,0.0,0.836
0.75,-8,0.7,40.0,2.0,-1.0,0.6332
0.75,-8,0.7,40.0,3.0,-1.5,0.6849
1.0,-9,0.5,0.0,2.0,-1.0,0.4808
1.0,-9,0.5,0.0,2.0,0.0,0.4419
1.0,-8,0.7,70.0,1.5,-0.5,0.4306
0.5,-10,0.7,40.0,3.0,-1.5,0.812
1.0,-5,0.7,10.0,1.5,-1.0,0.4188
0.5,-10,0.5,0.0,1.5,0.0,0.8061
0.5,-6,0.7,0.0,1.0,-2.0,0.8158
0.75,-5,0.9,100.0,2.0,-0.5,0.6528
0.5,-9,0.7,70.0,3.0,-1.5,0.8713
0.5,-7,0.9,100.0,3.0,-2.0,0.8538
1.0,-6,1.0,100.0,2.5,-2.0,0.4436
1.0,-10,0.5,40.0,2.5,-0.5,0.488
1.0,-6,0.7,10.0,1.5,-1.5,0.4636
0.5,-8,0.7,70.0,2.5,-0.5,0.8533
1.0,-5,0.8,0.0,1.5,-1.5,0.4309
0.5,-5,0.9,70.0,2.5,-1.5,0.8349
0.75,-7,0.7,10.0,2.0,-1.5,0.6517
0.6,-10,0.7,70.0,2.0,-2.0,0.7888
1.0,-9,0.7,100.0,2.5,0.0,0.5151
1.0,-7,0.5,0.0,3.0,-0.5,0.4264
0.5,-8,0.7,0.0,2.5,-1.5,0.7848
1.0,-10,0.5,40.0,1.0,-1.0,0.4652
1.0,-5,0.9,40.0,2.5,-2.0,0.4671
1.0,-5,0.9,40.0,1.5,-1.5,0.4074
0.6,-7,0.7,10.0,3.0,-0.5,0.7189
1.0,-8,0.7,10.0,2.5,-1.5,0.4019
0.6,-7,0.7,0.0,1.5,-0.5,0.6554
0.6,-8,0.7,40.0,1.5,-2.0,0.775
0.6,-6,0.8,10.0,1.5,-2.0,0.719
1.0,-6,0.9,100.0,2.5,-1.0,0.4517
0.6,-6,0.8,100.0,2.5,0.0,0.7911
0.6,-10,0.5,0.0,1.0,0.0,0.6973
0.75,-9,0.7,70.0,1.0,-1.5,0.6338
0.5,-7,0.7,0.0,2.0,-1.0,0.7781
0.6,-10,0.5,0.0,3.0,-1.5,0.7897
0.6,-5,0.7,40.0,1.5,0.0,0.7712
0.6,-7,0.7,0.0,2.5,-1.5,0.7499
0.6,-10,0.5,10.0,2.5,-1.0,0.7934
1.0,-8,0.5,10.0,1.5,-0.5,0.4829
0.6,-5,0.8,40.0,2.5,-0.5,0.7514
0.75,-8,0.7,10.0,1.0,-2.0,0.5912
1.0,-9,0.5,0.0,1.5,-1.5,0.4828
0.5,-7,0.5,10.0,1.5,0.0,0.8433
0.75,-7,0.7,10.0,2.0,-1.0,0.613
0.75,-5,0.7,0.0,1.5,-1.0,0.6268
1.0,-10,0.5,70.0,2.0,-0.5,0.4736
1.0,-6,0.7,10.0,1.5,-1.0,0.4412
0.5,-5,0.7,40.0,1.5,0.0,0.8343
0.5,-6,0.5,0.0,2.5,0.0,0.7829
0.6,-10,0.7,100.0,2.0,-0.5,0.7818
0.6,-10,0.8,100.0,2.0,-2.0,0.77
0.6,-5,0.9,100.0,2.0,-0.5,0.7618
1.0,-8,0.7,40.0,3.0,-0.5,0.4326
0.5,-10,0.7,100.0,1.0,-1.5,0.8443
1.0,-8,0.5,10.0,1.0,0.0,0.4295
0.6,-10,0.7,70.0,1.0,-1.0,0.7065
0.75,-9,0.5,0.0,2.5,-0.5,0.6782
0.5,-8,0.7,100.0,3.0,0.0,0.8725
0.5,-9,0.5,10.0,2.0,-0.5,0.8607
0.75,-5,0.8,10.0,1.0,-1.5,0.5948
0.5,-6,0.7,40.0,2.0,-1.0,0.859
1.0,-5,0.8,70.0,2.5,0.0,0.4588
1.0,-6,0.7,0.0,1.0,-1.0,0.3895
1.0,-10,0.5,70.0,1.0,-0.5,0.4659
0.75,-8,0.7,40.0,3.0,-2.0,0.6459
0.75,-5,0.7,40.0,2.0,0.0,0.6576
0.6,-5,0.8,0.0,1.5,-2.0,0.7413
0.75,-9,0.7,100.0,1.0,-0.5,0.6282
1.0,-7,0.9,100.0,2.5,-1.5,0.4385
1.0,-8,0.7,70.0,2.0,0.0,0.4617
1.0,-9,0.7,100.0,2.0,-0.5,0.4698
0.75,-7,0.5,10.0,1.5,0.0,0.5736
0.75,-10,0.7,100.0,3.0,-1.5,0.6442
0.75,-6,0.9,70.0,2.5,-2.0,0.6691
0.5,-10,0.5,10.0,3.0,0.0,0.8482
1.0,-10,0.5,10.0,1.5,-1.5,0.4748
0.5,-5,0.9,100.0,3.0,-0.5,0.8416
0.6,-5,1.0,100.0,1.0,-2.0,0.7205
1.0,-10,0.7,70.0,2.5,-2.0,0.4674
0.5,-8,0.7,70.0,3.0,-1.5,0.8583
0.5,-5,0.7,10.0,3.0,-0.5,0.8432
1.0,-6,0.9,70.0,2.0,-1.5,0.423
1.0,-7,0.8,100.0,1.0,-1.0,0.4374
0.6,-8,0.5,10.0,1.0,0.0,0.7594
0.6,-5,0.7,40.0,2.5,0.0,0.7927
1.0,-10,0.5,40.0,2.0,-1.0,0.4983
1.0,-7,0.7,70.0,3.0,-0.5,0.502
0.6,-10,0.5,0.0,1.5,-1.5,0.7777
0.6,-9,0.8,100.0,3.0,-1.0,0.7674
0.75,-8,0.9,100.0,1.5,-2.0,0.6066
1.0,-7,0.5,10.0,3.0,0.0,0.5069
1.0,-5,0.8,40.0,2.0,-0.5,0.4316
0.75,-6,0.7,10.0,2.0,-1.0,0.6579
0.75,-6,0.9,40.0,2.0,-2.0,0.5987
0.75,-7,0.7,10.0,1.0,-1.0,0.5572
0.75,-8,0.8,70.0,2.5,-2.0,0.6754
0.6,-8,0.8,100.0,2.5,-0.5,0.7622
0.75,-9,0.7,40.0,2.5,-1.0,0.6014
1.0,-7,0.9,100.0,3.0,-1.5,0.4483
0.75,-10,0.5,0.0,3.0,-1.5,0.6757
0.75,-5,0.8,40.0,1.0,-1.0,0.6114
0.5,-5,0.9,100.0,2.0,-1.5,0.8338
